Spider No.,Current Status,Current Maturity (Junvenile/Penultimate/Mature),Sex,Maturity when Collected (Juvenile/Mature/Penutimate),Usable (T/F),Moult 1,Moult 2,Moult 3,Moult 4,Weight (07/10/20) (g),Weight (08/10/20) (g),Weight (23/10/20) (g),Weight (27/10/20) (g),Weight (11/11/20) (g),Weight (25/11/20) (g),Weight (26/11/20) (g),Weight (19/12/20) (g),Weight (16/01/21) (g),Weight (22/01/21) (g),Weight (03/02/21) (g),Weight (26/02/21) (g),Weight (04/03/21) (g),Weight (17/03/21) (g),Weight (01/04/21),Weight (03/04/21),Weight (29/04/21),Weight (01/05/21),Weight (18/06/21),Date Collected,Time Collected (Approx.),Site,Site latitude,Site Longitude,Weather,Species,Habitat,Distance from River(m),Notes on Collection,Death Date + Cause,Released,Eggsac Produced,Spiderlings hatched,Lab notes,,
A01,Dead,Mature,F,?,F,,,,,,,,,,,,,,,,,,,,,,,,21/09/2020,2045,"Ashley Gorge, Riverbed by Campground",,,"Fine, windy",Dolomedes aquaticus,Rocks,1,"E1537389, N5213501 ± 3m","29/09/2020 - Unknown, possible dehydration",,,,,,
A02,Dead,Mature,M,?,T,19/10/2020,,,,,0.20903,,0.23515,,,,,,,,,,,,,,,,21/09/2020,2045,"Ashley Gorge, Riverbed by Campground",,,"Fine, windy",Dolomedes aquaticus,Rocks,1.5,"E1537403, N5213486 ±3m",,,,,,,
A03,Dead,Mature,M,P,T,7/10/2020,,,,0.30838,,,,,,,,,,,,,,,,,,,24/09/2020,2000,"Ashley Gorge, Riverbed by Campground",,,Fine,Dolomedes aquaticus,Rocks,0.5,,31/12/2020,,,,,,
A04,Dead,Mature,M,M,F,,,,,0.41829,,,,,,,,,,,,,,,,,,,24/09/2020,2000,"Ashley Gorge, Riverbed by Campground",,,Fine,Dolomedes aquaticus,Rocks,4,,,,,,,,
A05,Dead,Mature,M,M,F,,,,,0.4075,,,,,,,,,,,,,,,,,,,24/09/2020,2000,"Ashley Gorge, Riverbed by Campground",,,Fine,Dolomedes aquaticus,Rocks,0.5,,,,,,,,
A06,Dead,Penultimate,M,J,T,5/10/2020,,,,,0.22291,,,,,,,,,,,,,,,,,,24/09/2020,2000,"Ashley Gorge, Riverbed by Campground",,,Fine,Dolomedes aquaticus,Rocks,0.5,,Euthanised - 02/02/21,,,,,,
A07,Dead,Mature,M,M,F,,,,,0.48367,,,,,,,,,,,,,,,,,,,24/09/2020,2000,"Ashley Gorge, Riverbed by Campground",,,Fine,Dolomedes aquaticus,Rocks,1,,,,,,,,
A08,Dead,Mature,F,M,F,,,,,,,,,,,,,,,,,,,,,,,,24/09/2020,2000,"Ashley Gorge, Riverbed by Campground",,,Fine,Dolomedes aquaticus,Rocks/bush,5,,20/11/2020 ??,,29/09/2020,20/10/2020,Spiderlings escaped/euthanised,,
A09,Dead,Mature,F,J,T,21/10/2020,25/11/2020,,,0.3607,,,0.47737,,,,,,,,,,,,,,,,24/09/2020,2000,"Ashley Gorge, Riverbed by Campground",,,Fine,Dolomedes aquaticus,On water,0,,Euthanised - 02/02/21,,,,,,
A10,Dead,Mature,M,M,F,,,,,0.38395,,,,,,,,,,,,,,,,,,,24/09/2020,2000,"Ashley Gorge, Riverbed by Campground",,,Fine,Dolomedes aquaticus,Rocks,1.5,,,,,,,,
A11,Dead,Mature,F,P?,F,,,,,1.32129,,,,,,,,,,,,,,,,,,,24/09/2020,2000,"Ashley Gorge, Riverbed by Campground",,,Fine,Dolomedes aquaticus,Rocks,7,,11/12/2020 - Euthanised,,12/10/2020,,,,
A12,Dead,Mature,F,P?,F,,,,,1.2542,,,,,,,,,,,,,,,,,,,24/09/2020,2000,"Ashley Gorge, Riverbed by Campground",,,Fine,Dolomedes aquaticus,Rocks,7,,11/12/2020 - Euthanised,,13/10/2020,,,,
A13,Dead,Mature,F,P?,F,,,,,0.86787,,,,,,,,,,,,,,,,,,,24/09/2020,2000,"Ashley Gorge, Riverbed by Campground",,,Fine,Dolomedes aquaticus,Rocks,7,,11/12/2020 - Euthanised,,21/10/2020,12/11/2020,,,
A14,Dead,Mature,M,P,T,1/10/2020,,,,0.38173,,,,,,,,,,,,,,,,,,,24/09/2020,2000,"Ashley Gorge, Riverbed by Campground",,,Fine,Dolomedes aquaticus,Rocks,15,,29/12/2020,,,,,,
A15,Dead,Penultimate,M,P,F,,,,,,,,,,,,,,,,,,,,,,,,24/09/2020,2000,"Ashley Gorge, Riverbed by Campground",,,Fine,Dolomedes aquaticus,Rocks,9,,"30/09/2020 - Unknown, possible dehydration",,,,,,
A16,Dead,Mature,F,P,T,6/10/2020,,,,0.79853,,,,,,,,,,,,,,,,,,,24/09/2020,2000,"Ashley Gorge, Riverbed by Campground",,,Fine,Dolomedes aquaticus,Rocks,9,,Euthanised - 02/02/21,,,,,,
A17,Dead,Mature,F,J,T,6/10/2020,26/10/2020,,,0.49441,,,,0.72504,,,,,,,,,,,,,,,24/09/2020,2000,"Ashley Gorge, Riverbed by Campground",,,Fine,Dolomedes aquaticus,Rocks,9,,Euthanised - 02/02/21,,,,,,
A18,Dead,Mature,F,P,F,,,,,1.23652,,,,,,,,,,,,,,,,,,,24/09/2020,2000,"Ashley Gorge, Riverbed by Campground",,,Fine,Dolomedes aquaticus,Rocks,10,,14/12/20 - Euthanised,,12/10/2020,4/11/2020,"Eggsac abandoned 12/11/20, but small amount of hatchling emerged",,
A19,Dead,Mature,F,P,T,12/10/2020,,,,0.73923,,,0.86959,,,,,,,,,,,,,,,,24/09/2020,2000,"Ashley Gorge, Riverbed by Campground",,,Fine,Dolomedes aquaticus,Rocks,10,,Euthanised - 02/02/21,,,,,,
A20,Dead,Penultimate,M,P,F,,,,,0.44516,,,,,,,,,,,,,,,,,,,24/09/2020,2000,"Ashley Gorge, Riverbed by Campground",,,Fine,Dolomedes aquaticus,Rocks,10,,21/10/2020,,,,,,
A21,Dead,Mature,F,P,T,6/10/2020,,,,0.89864,,,,,,,,,,,,,,,,,,,24/09/2020,2000,"Ashley Gorge, Riverbed by Campground",,,Fine,Dolomedes aquaticus,Rocks,10,,29/01/2021,,,,,,
A22,Dead,Mature,M,P,T,1/10/2020,,,,0.42999,,,,,,,,,,,,,,,,,,,24/09/2020,2000,"Ashley Gorge, Riverbed by Campground",,,Fine,Dolomedes aquaticus,Rocks,8,,,,,,,,
A23,Dead,Mature,M,P,T,5/10/2020,,,,0.56785,,,,,,,,,,,,,,,,,,,24/09/2020,2000,"Ashley Gorge, Riverbed by Campground",,,Fine,Dolomedes aquaticus,Rocks,8,,14/12/2020,,,,,,
A24,Dead,Penultimate,M,P,F,,,,,,,,,,,,,,,,,,,,,,,,24/09/2020,2000,"Ashley Gorge, Riverbed by Campground",,,Fine,Dolomedes aquaticus,Rocks,8,,"30/09/2020 - Unknown, possible dehydration",,,,,,
A25,Dead,Mature,F,P,T,7/10/2020,,,,0.79413,,,,,,,,,,,,,,,,,,,24/09/2020,2000,"Ashley Gorge, Riverbed by Campground",,,Fine,Dolomedes aquaticus,Rocks,4,,Euthanised - 02/02/21,,20/01/2021 (infertile),,,,
A26,Dead,Mature,M,P,T,30/09/2020,,,,0.36989,,,,,,,,,,,,,,,,,,,24/09/2020,2000,"Ashley Gorge, Riverbed by Campground",,,Fine,Dolomedes aquaticus,Rocks,6,,,,,,,,
A27,Dead,Mature,F,P?,F,,,,,1.01182,,,,,,,,,,,,,,,,,,,24/09/2020,2000,"Ashley Gorge, Riverbed by Campground",,,Fine,Dolomedes aquaticus,Shrubs bordering rocks,2,,14/12/20 - Euthanised,,12/10/2020,29/10/2020,,,
A28,Dead,Mature,F,P,T,6/10/2020,,,,0.77476,,,,,,,,,,,,,,,,,,,24/09/2020,2000,"Ashley Gorge, Riverbed by Campground",,,Fine,Dolomedes aquaticus,Rocks,5,,Euthanised - 02/02/21,,29/01/2021 - infertile,,,,
A29,Dead,Mature,M,P,T,6/10/2020,,,,0.37765,,,,,,,,,,,,,,,,,,,24/09/2020,2000,"Ashley Gorge, Riverbed by Campground",,,Fine,Dolomedes aquaticus,Rocks,7,,2/02/2021,,,,,,
A30,Dead,Mature,F,P,F,,,,,1.17149,,,,,,,,,,,,,,,,,,,24/09/2020,2000,"Ashley Gorge, Riverbed by Campground",,,Fine,Dolomedes aquaticus,Rocks,1.5,,14/12/20 - Euthanised,,13/10/2020,,,,
A31,Dead,Mature,M,P,T,5/10/2020,,,,0.61674,,,,,,,,,,,,,,,,,,,24/09/2020,2000,"Ashley Gorge, Riverbed by Campground",,,Fine,Dolomedes aquaticus,Rocks,7,,27/10/2020,,,,,,
A32,Dead,Mature,F,P,T,12/10/2020,25/12/20???,,,0.71565,,,0.8586,,,,,,,,,,,,,,,,24/09/2020,2000,"Ashley Gorge, Riverbed by Campground",,,Fine,Dolomedes aquaticus,Rocks,5,,Euthanised - 02/02/21,,,,,,
A33,Dead,Mature,M,P,T,5/10/2020,,,,0.4289,,,,,,,,,,,,,,,,,,,24/09/2020,2000,"Ashley Gorge, Riverbed by Campground",,,Fine,Dolomedes aquaticus,Rocks,10,,5/01/2021,,,,,,
A34,Dead,Mature,M,P,T,1/10/2020,,,,0.41682,,,,,,,,,,,,,,,,,,,24/09/2020,2000,"Ashley Gorge, Riverbed by Campground",,,Fine,Dolomedes aquaticus,Rocks,12,,,,,,,,
A35,Dead,Mature,F,M?,F,,,,,1.37402,,,,,,,,,,,,,,,,,,,24/09/2020,2000,"Ashley Gorge, Riverbed by Campground",,,Fine,Dolomedes aquaticus,"Rocks, on water",0,,,,,,,,
A36,Dead,Mature,F,P,T,,26/10/2020,,,0.47912,,,,0.71524,,,,,,,,,,,,,,,24/09/2020,2000,"Ashley Gorge, Riverbed by Campground",,,Fine,Dolomedes aquaticus,Near Water,0.5,,05/01/21?? Typo? / Euthanised - 02/02/21,,,,,,
A37,Dead,Mature,M,P,T,1/10/2020,,,,0.54851,,,,,,,,,,,,,,,,,,,24/09/2020,2000,"Ashley Gorge, Riverbed by Campground",,,Fine,Dolomedes aquaticus,Rocks,1.5,,,,,,,,
A38,Dead,Mature,F,P,F,,,,,0.66305,,,,,,,,,,,,,,,,,,,24/09/2020,2000,"Ashley Gorge, Riverbed by Campground",,,Fine,Dolomedes aquaticus,On water,0,,,,,,,,
A39,Dead,Mature,M,P,T,8/10/2020,,,,0.47443,,,0.4239,,,,,,,,,,,,,,,,24/09/2020,2000,"Ashley Gorge, Riverbed by Campground",,,Fine,Dolomedes aquaticus,Rocks,3,,30/10/2020,,,,,,
A40,Dead,Penultimate,M,P,F,,,,,,,,,,,,,,,,,,,,,,,,24/09/2020,2000,"Ashley Gorge, Riverbed by Campground",,,Fine,Dolomedes aquaticus,"Rocks, bordering shrubs",9,,"30/09/2020 - Unknown, possible dehydration",,,,,,
A41,Dead,?,F,P,F,30/09/2020,,,,0.52527,,,,,,,,,,,,,,,,,,,24/09/2020,2000,"Ashley Gorge, Riverbed by Campground",,,Fine,Dolomedes aquaticus,Sand and grass edge,11,,19/10/20 – failed moult,,,,,,
A42,Dead,Mature,M,P,T,12/10/2020,,,,,0.27873,,0.29328,,,,,,,,,,,,,,,,24/09/2020,2000,"Ashley Gorge, Riverbed by Campground",,,Fine,Dolomedes aquaticus,Rocks,2,,3/11/2020,,,,,,
A43,Dead,Mature,F,P,T,14/12/2020,,,,,,,,,,,0.43344,,0.43528,,,,,,,,,,17/11/2020,2045,"Ashley Gorge, Riverbed by Campground",,,Cold and Light Wind,Dolomedes aquaticus,Rocks,2.6,,Euthanised - 02/02/21,,,,,,
B01,Dead,Penultimate,F,J,T,9/12/2020,,,,,0.17804,,,,,,,,,,,,,,,,,,24/09/2020,2125,"Ashley Gorge Road, near turn of Lees Valley Road",,,Fine,Dolomedes minor,tree/grass,NA,,Euthanised - 02/02/21,,,,,,
B02,Dead,Penultimate,M,J,T,5/10/2020,20/11/2020,,,,0.10028,,,,,,0.01031,,,,,,,,,,,,24/09/2020,2125,"Ashley Gorge Road, near turn of Lees Valley Road",,,Fine,Dolomedes minor,tree/grass,NA,,,,,,,,
C01,Dead,Mature,M,P,T,1/10/2020,,,,0.62136,,,,,,,,,,,,,,,,,,,25/09/2020,1224,"Kowai River, near limeworks",,,Fine,Dolomedes aquaticus,Rocks,4,,14/12/2020,,,,,,
C02,Dead,Juvenile,?,J,F,,,,,,,,,,,,,,,,,,,,,,,,25/09/2020,1938,"Kowai River, near limeworks",,,"Fine, cold night, 6°C",Dolomedes aquaticus,Rocks,4,,8/10/2020 - failed moult,,,,,,
C03,Dead,Mature,F,P,F,,,,,0.62136,,,,,,,,,,,,,,,,,,,25/09/2020,1938,"Kowai River, near limeworks",,,"Fine, cold night, 6°C",Dolomedes aquaticus,Boulders on edge,1,,,,12/10/2020,30/10/2020,,,
C04,Dead,Juvenile,?,J,T,26/10/2020,,,,,0.07471,,,,,,,,,,,,,,,,,,25/09/2020,1938,"Kowai River, near limeworks",,,"Fine, cold night, 6°C",Dolomedes aquaticus,on branch,1.5,,Euthanised - 02/02/21,,,,,,
C05,Dead,Mature,M,P,T,12/10/2020,,,,,0.22782,,0.23621,,,,,,,,,,,,,,,,25/09/2020,1938,"Kowai River, near limeworks",,,"Fine, cold night, 6°C",Dolomedes aquaticus,Rocks,2,,,,,,,,
C06,Dead,Mature,M,J,T,12/10/2020,13/11/2020,,,,0.13614,,0.14343,,,,0.15436,,,,,,,,,,,,25/09/2020,1938,"Kowai River, near limeworks",,,"Fine, cold night, 6°C",Dolomedes aquaticus,Rocks,1,,5/01/2021,,,,,,
D01,Dead,?,F,J,T,9/10/2020,,,,,0.20985,,0.2822,,,,,,,,,,,,,,,,25/09/2020,1408,"Garry River, off Birch Hill Road",,,Fine,?,Rocks,1.5,,8/01/2021,,,,,,
D02,Dead,Mature,M,P,T,12/10/2020,,,,,0.31202,,0.34807,,,,,,,,,,,,,,,,25/09/2020,1408,"Garry River, off Birch Hill Road",,,Fine,Dolomedes aquaticus,Rocks,2,,3/01/2021,,,,,,
D03,Dead,Mature,F,J,T,21/10/2020,,,,0.42907,,,0.47825,,,,,,,,,,,,,,,,25/09/2020,2145,"Garry River, off Birch Hill Road",,,"Fine, cold night, 6°C",Dolomedes aquaticus,Rocks,1.5,,Euthanised - 02/02/21,,,,,,
D04,Dead,Mature,F,P,T,12/10/2020,,,,0.61666,,,0.76381,,,,,,,,,,,,,,,,25/09/2020,2145,"Garry River, off Birch Hill Road",,,"Fine, cold night, 6°C",Dolomedes aquaticus,Rocks,0,"Feeding on wolf spider, flipped rock",Euthanised - 02/02/21,,,,,,
D05,Dead,Penultimate,F,P,T,19/10/2020,,,,0.61187,,,0.61889,,,,,,,,,,,,,,,,25/09/2020,2145,"Garry River, off Birch Hill Road",,,"Fine, cold night, 6°C",Dolomedes aquaticus,Rocks,0.2,flipped rock,Euthanised - 02/02/21,,,,,,
D06,Dead,Mature,F,P,F,,,,,,,,,,,,,,,,,,,,,,,,25/09/2020,2145,"Garry River, off Birch Hill Road",,,"Fine, cold night, 6°C",Dolomedes aquaticus,Rocks,1,maybe 1 moult away from adulthood,,,6/10/2020,23/10/2020,,,
E01,Dead,Mature,F,J,T,8/10/2020,24/11/2020,,,,0.39349,,0.35176,,,,0.33279,,,,,,,,,,,,26/09/2020,1934,"Port Hills, Near Flying Nun Track",,,Clear,Dolomedes minor,Long Grass,Na,,Euthanised - 02/02/21,,,,,,
E02,Dead,Juvenile,F,J,T,6/10/2020,8/12/2020,,,,0.12525,,,,,,0.23137,,,,,,,,,,,,26/09/2020,1934,"Port Hills, Near Flying Nun Track",,,Clear,Dolomedes minor,Long Grass,Na,,Euthanised - 02/02/21,,,,,,
E03,Dead,Mature,M,J,T,12/10/2020,9/11/2020,27/12/2020,,,0.05425,,0.09281,,,,0.12678,,0.12401,,,,,,,,,,26/09/2020,1934,"Port Hills, Near Flying Nun Track",,,Clear,Dolomedes minor,Long Grass,Na,,Euthanised - 02/02/21,,,,,,
E04,Dead,Juvenile,F,J,T,28/10/2020,,,,,0.09465,,,0.15287,,,,,,,,,,,,,,,26/09/2020,1934,"Port Hills, Near Flying Nun Track",,,Clear,Dolomedes minor,Long Grass,Na,,Euthanised - 02/02/21,,,,,,
E05,Dead,Mature,M,M,F,,,,,,,,,,,,,,,,,,,,,,,,26/09/2020,1934,"Port Hills, Near Flying Nun Track",,,Clear,Dolomedes minor,Long Grass,Na,,"29/09/2020 - Unknown, possible dehydration",,,,,,
E06,Dead,Juvenile,F,J,T,14/10/2020,27/11/2020,,,,0.08314,,0.11843,,,,0.14779,,,,,,,,,,,,26/09/2020,1934,"Port Hills, Near Flying Nun Track",,,Clear,Dolomedes minor,Long Grass,Na,,Euthanised - 02/02/21,,,,,,
E07,Dead,Mature,F,J,T,9/10/2020,,,,,0.40131,,0.41349,,,,,,,,,,,,,,,,26/09/2020,1934,"Port Hills, Near Flying Nun Track",,,Clear,Dolomedes minor,Long Grass,Na,,Euthanised - 02/02/21,,,,,,
E08,Dead,Penultimate,F,J,T,5/10/2020,,,,,0.16565,,,,,,,,,,,,,,,,,,26/09/2020,1934,"Port Hills, Near Flying Nun Track",,,Clear,Dolomedes minor,Long Grass,Na,,Euthanised - 02/02/21,,,,,,
E09,Dead,Juvenile,?,J,T,12/10/2020,,,,,0.07024,,0.0844,,,,,,,,,,,,,,,,26/09/2020,1934,"Port Hills, Near Flying Nun Track",,,Clear,Dolomedes minor,Long Grass,Na,,29/01/2021,,,,,,
E10,Dead,Juvenile,?,J,T,12/10/2020,,,,,0.14491,,0.16053,,,,,,,,,,,,,,,,26/09/2020,1934,"Port Hills, Near Flying Nun Track",,,Clear,Dolomedes minor,Long Grass,Na,,1/01/2021,,,,,,
E11,Dead,Mature,F,J,T,9/10/2020,,,,,0.24774,,0.29882,,,,,,,,,,,,,,,,26/09/2020,1934,"Port Hills, Near Flying Nun Track",,,Clear,Dolomedes minor,Long Grass,Na,,Euthanised - 02/02/21,,,,,,
E12,Dead,Juvenile,F,J,T,7/10/2020,17/11/2020,,,,0.17032,,,,,,0.22825,,,,,,,,,,,,26/09/2020,1934,"Port Hills, Near Flying Nun Track",,,Clear,Dolomedes minor,Long Grass,Na,Found with Sidymella sp,Euthanised - 02/02/21,,,,,,
E13,Dead,Penultimate,F,J,T,5/10/2020,16/12/2020,,,,0.18074,,,,,,0.29426,,,,,,,,,,,,26/09/2020,1934,"Port Hills, Near Flying Nun Track",,,Clear,Dolomedes minor,Long Grass,Na,,Euthanised - 02/02/21,,,,,,
E14,Dead,Juvenile,?,J,T,7/10/2020,26/10/2020,17/11/2020,,,0.03504,,,0.08912,,,,,,,,,,,,,,,26/09/2020,1934,"Port Hills, Near Flying Nun Track",,,Clear,Dolomedes minor,Fern,Na,,Euthanised - 02/02/21,,,,,,
E15,Dead,Penultimate,F,J,T,27/12/2020,,,,,0.22329,,,,,,,,,,,,,,,,,,26/09/2020,1934,"Port Hills, near sign of the Bell Bird",,,Clear,Dolomedes minor,Long Grass,Na,,Euthanised - 02/02/21,,,,,,
E16,Dead,Mature,M,P,T,5/10/2020,,,,,0.12349,,,,,,,,,,,,,,,,,,26/09/2020,1934,"Port Hills, near sign of the Bell Bird",,,Clear,Dolomedes minor,Long Grass,Na,,,,,,,,
E17,Dead,Penultimate,F,J,T,5/10/2020,27/01/2021,,,,0.1618,,,,,,,,,,,,,,,,,,26/09/2020,1934,"Port Hills, near sign of the Bell Bird",,,Clear,Dolomedes minor,Bracken,Na,,Euthanised - 02/02/21,,,,,,
E18,Dead,Mature,M,P,T,5/10/2020,,,,,0.17734,,,,,,,,,,,,,,,,,,26/09/2020,1934,"Port Hills, near sign of the Bell Bird",,,Clear,Dolomedes minor,Bracken,Na,,,,,,,,
E19,Dead,Penultimate,M,J,T,5/10/2020,20/11/2020,,,,0.15183,,,,,,0.15024,,,,,,,,,,,,26/09/2020,1934,"Port Hills, near sign of the Bell Bird",,,Clear,Dolomedes minor,Long Grass,Na,,27/01/2021,,,,,,
E20,Dead,Juvenile,?,J,T,20/10/2020,17/11/2020,,,,0.04891,,0.08088,,,,0.12354,,,,,,,,,,,,26/09/2020,1934,"Port Hills, Rhode Spring",,,Clear,Dolomedes minor,Gorse,Na,,Euthanised - 02/02/21,,,,,,
E21,Dead,Mature,F,P,F,,,,,,0.44738,,,,,,,,,,,,,,,,,,26/09/2020,1934,"Port Hills, Rhode Spring",,,Clear,Dolomedes minor,Gorse,Na,,,,3/11/2020,,,,
E22,Dead,Mature,M,P,T,29/10/2020,,,,,0.07411,,,0.09296,,,,,,,,,,,,,,,26/09/2020,1934,"Port Hills, Rhode Spring",,,Clear,Dolomedes minor,Gorse,Na,,,,,,,,
E23,Dead,Mature,F,P,F,5/10/2020,,,,,,,,,,,,,,,,,,,,,,,26/09/2020,1934,"Port Hills, Rhode Spring",,,Clear,Dolomedes minor,Long Grass,Na,,12/11/20 - abandoned eggsac before death,,12/10/2020,,,,
E24,Dead,Juvenile,?,J,T,30/09/2020,26/10/2020,24/11/2020,,,0.0455,,,0.08372,,,0.09683,,,,,,,,,,,,26/09/2020,1934,"Port Hills, Rhode Spring",,,Clear,Dolomedes minor,Gorse,Na,,Euthanised - 02/02/21,,,,,,
E25,Dead,Juvenile,?,J,,21/10/2020,27/11/2020,,,,0.658,,0.10046,,,,0.13255,,,,,,,,,,,,26/09/2020,1934,"Port Hills, Rhode Spring",,,Clear,Dolomedes minor,Long Grass,Na,,Euthanised - 02/02/21,,,,,,
E26,Dead,Juvenile,?,J,,1/10/2020,13/11/2020,,,,0.07991,,,,,,0.13986,,,,,,,,,,,,26/09/2020,1934,"Port Hills, Rhode Spring",,,Clear,Dolomedes minor,Long Grass,Na,,Euthanised - 02/02/21,,,,,,
E27,Dead,Mature,F,P,F,12/10/2020,,,,,0.66099,,,,,,,,,,,,,,,,,,26/09/2020,1934,"Port Hills, Rhode Spring",,,Clear,Dolomedes minor,Long Grass,Na,,,,"12/10/2020, 09/12/20",,Abandoned eggsac 12/11/20,,
E28,Dead,Mature,F,P,T,7/10/2020,,,,,0.41993,,,,,,,,,,,,,,,,,,26/09/2020,1934,"Port Hills, Rhode Spring",,,Clear,Dolomedes minor,Long Grass,Na,,Euthanised - 02/02/21,,,,,,
E29,Dead,Juvenile,?,J,,1/10/2020,13/11/2020,,,,0.10678,,,,,,0.14793,,,,,,,,,,,,26/09/2020,1934,"Port Hills, Rhode Spring",,,Clear,Dolomedes minor,Long Grass,Na,,Euthanised - 02/02/21,,,,,,
E30,Dead,Juvenile,?,J,T,2/10/2020,26/10/2020,,,,0.06802,,,,,,0.10142,,,,,,,,,,,,26/09/2020,1934,"Port Hills, Rhode Spring",,,Clear,Dolomedes minor,Long Grass,Na,,Euthanised - 02/02/21,,,,,,
E31,Dead,Juvenile,?,J,T,14/10/2020,4/11/2020,16/12/2020,,,0.0662,,0.09995,,,,0.13886,,,,,,,,,,,,26/09/2020,1934,"Port Hills, Rhode Spring",,,Clear,Dolomedes minor,Long Grass,Na,4 legs,Euthanised - 02/02/21,,,,Legs regained after moult 1,,
E32,Dead,Mature,F,P,T,6/10/2020,,,,,0.50147,,,,,,,,,,,,,,,,,,26/09/2020,1934,"Port Hills, Rhode Spring",,,Clear,Dolomedes minor,Long Grass,Na,,Euthanised - 02/02/21,,,,,,
E33,Dead,Mature,F,P,T,9/10/2020,8/01/2021,,,,0.42598,,0.42642,,,,,,0.46645,,,,,,,,,,26/09/2020,1934,"Port Hills, Rhode Spring",,,Clear,Dolomedes minor,Long Grass,Na,,Euthanised - 02/02/21,,,,,,
E34,Dead,Juvenile,?,J,T,7/10/2020,26/10/2020,9/12/2020,,,0.05061,,,0.0988,,,0.12164,,,,,,,,,,,,26/09/2020,1934,"Port Hills, Rhode Spring",,,Clear,Dolomedes minor,Long Grass,Na,,Euthanised - 02/02/21,,,,,,
E35,Dead,Mature,M,P,T,20/10/2020,,,,,0.07348,,0.08737,,,,,,,,,,,,,,,,26/09/2020,1934,"Port Hills, Rhode Spring",,,Clear,Dolomedes minor,Long Grass,Na,,Euthanised - 02/02/21,,,,,,
E36,Dead,Penultimate,M,J,T,17/11/2020,,,,,0.05621,,,,,,0.0916,,,,,,,,,,,,26/09/2020,1934,"Port Hills, Rhode Spring",,,Clear,Dolomedes minor,Long Grass,Na,,Euthanised - 02/02/21,,,,,,
E37,Dead,Juvenile,F,J,T,9/12/2020,,,,,0.09323,,,,,,0.13543,,,,,,,,,,,,26/09/2020,1934,"Port Hills, Rhode Spring",,,Clear,Dolomedes minor,Long Grass,Na,,Euthanised - 02/02/21,,,,,,
E38,Dead,Penultimate,M,P,T,,,,,,0.16092,,,,,,,,,,,,,,,,,,26/09/2020,1934,"Port Hills, Rhode Spring",,,Clear,Dolomedes minor,Long Grass,Na,,Euthanised - 02/02/21,,,,,,
E39,Dead,Juvenile,?,J,T,23/11/2020,,,,,0.10913,,,,,,0.15669,,,,,,,,,,,,26/09/2020,1934,"Port Hills, Rhode Spring",,,Clear,Dolomedes minor,Long Grass,Na,,Euthanised - 02/02/21,,,,,,
E40,Dead,Juvenile,M?,J,T,20/11/2020,,,,,0.12025,,,,,,0.15722,,,,,,,,,,,,26/09/2020,1934,"Port Hills, Rhode Spring",,,Clear,Dolomedes minor,Long Grass,Na,,Euthanised - 02/02/21,,,,,,
E41,Dead,Juvenile,?,J,T,17/11/2020,,,,,0.08422,,,,,,0.09423,,,,,,,,,,,,26/09/2020,1934,"Port Hills, Rhode Spring",,,Clear,Dolomedes minor,Gorse,Na,,29/01/2021,,,,,,
E42,Dead,Mature,F,P,F,,,,,,0.46097,,,,,,,,,,,,,,,,,,26/09/2020,1934,"Port Hills, Rhode Spring",,,Clear,Dolomedes minor,Long Grass,Na,,Euthanised - 02/02/21,,,,,,
E43,Dead,Penultimate,M,J,T,13/10/2020,24/11/2020,,,,0.06185,,0.07624,,,,0.11611,,,,,,,,,,,,26/09/2020,1934,"Port Hills, Rhode Spring",,,Clear,Dolomedes minor,Long Grass,Na,,Euthanised - 02/02/21,,,,,,
E44,Dead,Juvenile,?,J,T,2/10/2020,22/10/2020,23/11/2020,,,0.03725,,,0.08391,,,0.10381,,,,,,,,,,,,26/09/2020,1934,"Port Hills, Rhode Spring",,,Clear,Dolomedes minor,Long Grass,Na,,Euthanised - 02/02/21,,,,,,
E45,Dead,Juvenile,?,J,T,16/10/2020,20/11/2020,,,,0.06777,,0.07886,,,,0.10719,,,,,,,,,,,,26/09/2020,1934,"Port Hills, Rhode Spring",,,Clear,Dolomedes minor,Long Grass,Na,,Euthanised - 02/02/21,,,,,,
E46,Dead,Penultimate,?,J,T,30/10/2020,9/12/2020,,,,0.07043,,,0.10346,,,0.12585,,,,,,,,,,,,26/09/2020,1934,"Port Hills, Rhode Spring",,,Clear,Dolomedes minor,Long Grass,Na,,Euthanised - 02/02/21,,,,,,
E47,Dead,Penultimate,?,J,T,2/11/2020,,,,,0.30555,,,0.43064,,,0.55109,,,,,,,,,,,,26/09/2020,1934,"Port Hills, Rhode Spring",,,Clear,Dolomedes minor,Long Grass,Na,,Euthanised - 02/02/21,,,,,,
E48,Dead,Juvenile,?,J,T,14/10/2020,17/11/2020,,,,0.04716,,0.0684,,,,0.09692,,,,,,,,,,,,26/09/2020,1934,"Port Hills, Rhode Spring",,,Clear,Dolomedes minor,Long Grass,Na,,Euthanised - 02/02/21,,,,,,
E49,Dead,Juvenile,?,J,T,20/10/2020,20/11/2020,,,,0.02897,,0.04129,,,,0.07039,,,,,,,,,,,,26/09/2020,1934,"Port Hills, Rhode Spring",,,Clear,Dolomedes minor,Long Grass,Na,,Euthanised - 02/02/21,,,,,,
E50,Dead,Mature,M,P,T,16/10/2020,,,,,0.10977,,0.010882,,,,,,,,,,,,,,,,26/09/2020,1934,"Port Hills, Rhode Spring",,,Clear,Dolomedes minor,Long Grass,Na,,8/01/2021,,,,,,
E51,Dead,Penultimate,F,P,T,28/10/2020,,,,,0.31337,,,0.39123,,,,,,,,,,,,,,,26/09/2020,1934,"Port Hills, Rhode Spring",,,Clear,Dolomedes minor,Long Grass,Na,,Euthanised - 02/02/21,,,,,,
E52,Dead,Penultimate,F,J,T,7/10/2020,,,,,0.2261,,,,,,,,,,,,,,,,,,26/09/2020,1934,"Port Hills, Rhode Spring",,,Clear,Dolomedes minor,Long Grass,Na,,Euthanised - 02/02/21,,,,,,
E53,Dead,Penultimate,M,P,T,13/11/2020,,,,,0.07096,,,,,,0.10251,,,,,,,,,,,,26/09/2020,1934,"Port Hills, Rhode Spring",,,Clear,Dolomedes minor,Fern,Na,,Euthanised - 02/02/21,,,,,,
E54,Dead,Juvenile,?,J,T,9/11/2020,,,,,0.07256,,,0.10851,,,,,,,,,,,,,,,26/09/2020,1934,"Port Hills, Rhode Spring",,,Clear,Dolomedes minor,Long Grass,Na,,Euthanised - 02/02/21,,,,,,
E55,Dead,Juvenile,?,J,T,10/11/2020,,,,,0.06656,,,0.09835,,,,,,,,,,,,,,,26/09/2020,1934,"Port Hills, Rhode Spring",,,Clear,Dolomedes minor,Long Grass,Na,,Euthanised - 02/02/21,,,,,,
E56,Dead,Penultimate,F,P,T,26/10/2020,,,,,0.31148,,,0.4236,,,,,,,,,,,,,,,26/09/2020,1934,"Port Hills, Rhode Spring",,,Clear,Dolomedes minor,Long Grass,Na,,Euthanised - 02/02/21,,,,,,
F01,Dead,Mature,F,P?,F,,,,,1.28715,,,,,,,,,,,,,,,,,,,29/09/2020,1213,"Eyre River, near Oxford Track car park",,,Overcast,Dolomedes aquaticus,Rocks,0.5,,,,12/10/2020,30/10/2020,,,
F02,Dead,Mature,F,P,F,7/10/2020,,,,0.69496,,,,,,,,,,,,,,,,,,,29/09/2020,1213,"Eyre River, near Oxford Track car park",,,Overcast,Dolomedes aquaticus,Rocks,3,,Euthanised - 02/02/21,,10/12/20 - Producing infertile eggsac,,,,
F03,Dead,Juvenile,F,J,T,13/12/2020,,,,,0.18151,,,,,,0.20426,,,,,,,,,,,,29/09/2020,1213,"Eyre River, near Oxford Track car park",,,Overcast,Dolomedes aquaticus,Rocks,4,,Euthanised - 02/02/21,,,,,,
F04,Dead,Mature,F,P?,T,8/10/2020,,,,,0.73183,,,,,,,,,,,,,,,,,,29/09/2020,2000,"Eyre River, near Oxford Track car park",,,"Overcast, cold",Dolomedes aquaticus,Rocks,1,,Euthanised - 02/02/21,,,,,,
F05,Dead,Mature,M,P?,T,8/10/2020,,,,,0.33342,,,,,,,,,,,,,,,,,,29/09/2020,2000,"Eyre River, near Oxford Track car park",,,"Overcast, cold",Dolomedes aquaticus,Rocks,5,6 legs,,,,,,,
F06,Dead,Mature,F,J,F,,,,,,0.2861,,,,,,,,,,,,,,,,,,29/09/2020,2000,"Eyre River, near Oxford Track car park",,,"Overcast, cold",Dolomedes aquaticus,Rocks,6,,19/10/2020,,,,,,
F07,Dead,Mature,F,P,T,5/10/2020,,,,0.58365,,,,,,,,,,,,,,,,,,,30/09/2020,2000,"Eyre River, near Oxford Track car park",,,"Overcast, cold",Dolomedes aquaticus,Rocks,1,,17/11/2020,,,,,,
F08,Dead,Mature,F,J,T,5/10/2020,,,,,0.36402,,,,,,,,,,,,,,,,,,30/09/2020,2000,"Eyre River, near Oxford Track car park",,,"Overcast, cold",Dolomedes minor,"Rocks, bordering shrubs",1.5,,Euthanised - 02/02/21,,,,,,
F09,Dead,Mature,F,J,T,12/10/2020,,,,0.40365,,,0.055051,0.5862,,,,,,,,,,,,,,,30/09/2020,2000,"Eyre River, near Oxford Track car park",,,"Overcast, cold",Dolomedes aquaticus,Rocks,4,,Euthanised - 02/02/21,,,,,,
G01,Released,Juvenile,?,J,,22/10/2020,30/11/2020,,,,,0.04842,,0.06439,,,0.06453,,,,,,,,,,,,16/10/2020,2127,"University of Waikato, Hamilton Campus",,,"Clear, cold",Dolomedes minor,Fern,Na,,,15/01/2021,,,,,
G02,Released,Juvenile,?,J,,22/10/2020,6/11/2020,14/12/2020,,,,0.01286,,,0.02769,,0.04409,,,,,,,,,,,,16/10/2020,2127,"University of Waikato, Hamilton Campus",,,"Clear, cold",Dolomedes minor,Fern,Na,,,15/01/2021,,,,,
G03,Mature,Mature,M,P,,28/10/2020,,,,,,0.24461,,0.2499,,,,,,,,,,,,,,,17/10/2020,2127,"University of Waikato, Hamilton Campus",,,"Clear, cold",Dolomedes minor,Fern,Na,,18/03/2021,,,,,,
G04,Released,Juvenile,M?,J,,,,,,,,0.08764,,,,,,,,,,,,,,,,,17/10/2020,2127,"University of Waikato, Hamilton Campus",,,"Clear, cold",Dolomedes minor,Long Grass,Na,,,15/01/2021,,,,,
G05,Dead,Mature,M,P,,26/10/2020,,,,,,0.25128,,0.25616,,,,,,,,,,,,,,,17/10/2020,2127,"University of Waikato, Hamilton Campus",,,"Clear, cold",Dolomedes minor,Fern,Na,,8/03/2021,,,,,,
G06,Dead,Mature,F,P?,,29/10/2020,,,,,,0.37728,,0.44651,,,,,,,,,,,,,,,17/10/2020,2127,"University of Waikato, Hamilton Campus",,,"Clear, cold",Dolomedes minor,Fern,Na,,Euthanised for DNA when dying,,,,,,
G07,Dead,Penultimate,F,P?,,21/01/2021,,,,,,0.40454,,,,,,,,,,0.49886,,,,,,,17/10/2020,2127,"University of Waikato, Hamilton Campus",,,"Clear, cold",Dolomedes minor,Fern,Na,,12/05/2021,,,,,,
G08,Released,Juvenile,M?,J,,28/10/2020,9/12/2020,,,,,0.03276,,0.05149,,,0.06674,,,,,,,,,,,,17/10/2020,2127,"University of Waikato, Hamilton Campus",,,"Clear, cold",Dolomedes minor,Fern,Na,,,15/01/2021,,,,,
G09,Dead,Mature,F,J,,3/11/2020,10/03/2021,16/04/2021,,,,0.27338,,0.31566,,,,,,,,,,0.62552,,?,0.92406,,17/10/2020,2127,"University of Waikato, Hamilton Campus",,,"Clear, cold",Dolomedes minor,Fern,Na,,29/07/21 - Euthanised,,,,,,
G10,Juvenile,Juvenile,F,J,,9/03/2021,31/03/2021,,,,,,,,,,,,,0.15446,,,,0.35881,,,,,12/01/2021,2206,"University of Waikato, Hamilton Campus",,,"Clear, Warm",Dolomedes minor,Fern,Na,,,,,,,,
G11,Mature,Mature,M,P,,25/02/2021,,,,,,,,,,,,,,0.12873,,0.16027,,,,,,,12/01/2021,2206,"University of Waikato, Hamilton Campus",,,"Clear, Warm",Dolomedes minor,Fern,Na,,,,,,,,
G12,Dead,Mature,F,P,,15/03/2021,21/04/2021,,,,,,,,,,,,,0.26053,,,,0.47915,,?,0.67934,,12/01/2021,2206,"University of Waikato, Hamilton Campus",,,"Clear, Warm",Dolomedes minor,Fern,Na,,02/08/21 - Euthanised,,,,,,
G13,Dead,Mature,M,P,,12/03/2021,,,,,,,,,,,,,,0.12525,,,,0.15228,,,,,12/01/2021,2206,"University of Waikato, Hamilton Campus",,,"Clear, Warm",Dolomedes minor,Fern,Na,,18/05/2021,,,,,,
G14,Dead,Juvenile,F,P,,,,,,,,,,,,,,,,0.26749,,,,,,,,,12/01/2021,2206,"University of Waikato, Hamilton Campus",,,"Clear, Warm",Dolomedes minor,Shrub,Na,,5/03/2021,,,,,,
G15,Juvenile,Juvenile,F,J,,,,,,,,,,,,,,,,0.09926,,,,,,,,,12/01/2021,2206,"University of Waikato, Hamilton Campus",,,"Clear, Warm",Dolomedes minor,Shrub,Na,,,,,,,,
G16,Dead,Penultimate,M,J,,24/02/2021,30/03/2021,19/04/2021,,,,,,,,,,,,0.10384,,,,0.21275,,?,0.24804,,12/01/2021,2206,"University of Waikato, Hamilton Campus",,,"Clear, Warm",Dolomedes minor,Shrub,Na,,16/07/2021,,,,,,
G17,Mature,Mature,M,J,,19/02/2021,1/04/2021,,,,,,,,,,,,,0.09984,,0.13114,,0.17499,,,,,12/01/2021,2206,"University of Waikato, Hamilton Campus",,,"Clear, Warm",Dolomedes minor,Shrub,Na,,,,,,,,
G18,Penultimate,Penultimate,F,P?,,,,,,,,,,,,,,,,0.45757,,0.47789,,,,,,,12/01/2021,2206,"University of Waikato, Hamilton Campus",,,"Clear, Warm",Dolomedes minor,Shrub,Na,,,,,,,,
G19,Juvenile,Juvenile,F,J,,,,,,,,,,,,,,,,0.14097,,,,,,,,,12/01/2021,2206,"University of Waikato, Hamilton Campus",,,"Clear, Warm",Dolomedes minor,Shrub,Na,,,,,,,,
G20,Juvenile,Juvenile,F,J,,20/01/2021,30/03/2021,,,,,,,,,,,,,0.16061,,0.17951,,0.34133,,,,,12/01/2021,2206,"University of Waikato, Hamilton Campus",,,"Clear, Warm",Dolomedes minor,Shrub,Na,,,,,,,,
G21,Dead,Mature,F,J,,30/03/2021,16/04/2021,,,,,,,,,,,,,0.15009,,,,0.35304,,?,0.56432,,12/01/2021,2206,"University of Waikato, Hamilton Campus",,,"Clear, Warm",Dolomedes minor,Shrub,Na,,02/08/21 - Euthanised,,,,,,
G22,Dead,Juvenile,F,J,,,,,,,,,,,,,,,,0.15694,,,,,,,,,12/01/2021,2206,"University of Waikato, Hamilton Campus",,,"Clear, Warm",Dolomedes minor,Shrub,Na,,03/03/21 -earwig,,,,,,
G23,Dead,Penultimate,F,P,,,,,,,,,,,,,,,,,,0.28447,,,,,,,,,"University of Waikato, Hamilton Campus",,,,Dolomedes minor,,Na,,13/03/21 -euthanised,,,,,,
G24,Mature,Mature,M,P,,5/03/2021,,,,,,,,,,,,,,,0.15167,,,0.17199,,,,,24/02/2021,2148,"University of Waikato, Hamilton Campus",,,"Hot, humid, overcast",Dolomedes minor,Shrub,Na,,,,,,,,
G25,Penultimate,Penultimate,M,P,,,,,,,,,,,,,,,,,0.10734,,,,,,,,24/02/2021,2148,"University of Waikato, Hamilton Campus",,,"Hot, humid, overcast",Dolomedes minor,Fern,Na,,,,,,,,
G26,Dead,Mature,F,P?,,3/03/2021,9/04/2021,,,,,,,,,,,,,,0.44254,0.45023,,,,?,0.89812,,24/02/2021,2148,"University of Waikato, Hamilton Campus",,,"Hot, humid, overcast",Dolomedes minor,Shrub,Na,,02/08/21 - Euthanised,,,,,,
G27,Penultimate,Penultimate,F,P,,,,,,,,,,,,,,,,,0.41217,,,,,,,,24/02/2021,2148,"University of Waikato, Hamilton Campus",,,"Hot, humid, overcast",Dolomedes minor,Shrub,Na,,,,,,,,
G28,Dead,Mature,F,P,,12/03/2021,,,,,,,,,,,,,,,0.41598,,0.55688,,,,,,24/02/2021,2148,"University of Waikato, Hamilton Campus",,,"Hot, humid, overcast",Dolomedes minor,Shrub,Na,5 legs,16/06/2021,,,,,,
G29,Mature,Mature,F,P,,24/03/2021,,,,,,,,,,,,,,,,0.51198,,0.84508,,,,,25/02/2021,2148,"University of Waikato, Hamilton Campus",,,"Hot, humid, overcast",Dolomedes minor,Water's edge,Na,,,,,,,,
G30,Dead,Mature,F,P?,,21/04/2021,,,,,,,,,,,,,,,,0.3693,,,,?,0.87279,,25/02/2021,2148,"University of Waikato, Hamilton Campus",,,"Hot, humid, overcast",Dolomedes minor,Long Grass,Na,,09/08/21 - Euthanised,,,,,,
G31,Dead,Penultimate,F,P?,,15/03/2021,,,,,,,,,,,,,,,,0.67144,,0.98709,,,,,25/02/2021,2148,"University of Waikato, Hamilton Campus",,,"Hot, humid, overcast",Dolomedes minor,Water's edge,Na,,02/08/21 - Euthanised,,,,,,
G32,Dead,Penultimate,M,P,T,14/06/2021,,,,,,,,,,,,,,,,,,,,,0.13409,0.14331,18/04/2021,2029,"University of Waikato, Hamilton Campus",,,"Cloudy, cool",Dolomedes minor,Hedge,,,08/08/21 - Euthanised,,,,,,
G33,Dead,Mature,M,P,T,19/05/2021,,,,,,,,,,,,,,,,,,,,,0.22348,,21/04/2021,2100,"University of Waikato, Hamilton Campus",,,"Clear, mild",Dolomedes minor,Fern,,,02/08/21 - Euthanised,,,,,,
G34,Mature,Mature,M,P,T,2/06/2021,,,,,,,,,,,,,,,,,,,,,0.12035,0.20444,21/04/2021,2100,"University of Waikato, Hamilton Campus",,,"Clear, mild",Dolomedes minor,Cabbage Tree,,,,,,,,,
G35,Dead,Mature,M,P,T,2/06/2021,,,,,,,,,,,,,,,,,,,,,0.15099,0.24541,21/04/2021,2100,"University of Waikato, Hamilton Campus",,,"Clear, mild",Dolomedes minor,Fern,,,11/07/2021,,,,,,
G36,Dead,Mature,M,P,T,19/05/2021,,,,,,,,,,,,,,,,,,,,,0.09783,,21/04/2021,2100,"University of Waikato, Hamilton Campus",,,"Clear, mild",Dolomedes minor,Long Grass,,,08/08/21 - Euthanised,,,,,,
G37,Dead,Mature,M,P,T,2/06/2021,,,,,,,,,,,,,,,,,,,,,0.22758,0.31173,21/04/2021,2100,"University of Waikato, Hamilton Campus",,,"Clear, mild",Dolomedes minor,Hedge,,Feeding,07/08/21 - Euthanised,,,,,,
G38,Dead,Mature,M,P,T,7/06/2021,,,,,,,,,,,,,,,,,,,,,0.24985,0.35485,24/04/2021,2100,"University of Waikato, Hamilton Campus",,,"showers, mild",Dolomedes minor,Long Grass,,,02/08/21 - Euthanised,,,,,,
G39,Dead,Mature,M,P,T,26/05/2021,,,,,,,,,,,,,,,,,,,,,0.13646,0.18756,24/04/2021,1950,"University of Waikato, Hamilton Campus",,,"showers, mild",Dolomedes minor,Fern,,,02/08/21 - Euthanised,,,,,,
G40,Dead,Mature,M,P,T,10/06/2021,,,,,,,,,,,,,,,,,,,,,0.2075,,24/04/2021,1950,"University of Waikato, Hamilton Campus",,,"showers, mild",Dolomedes minor,Fern,,,15/06/2021,,,,,,
G41,Dead,Mature,M,P,T,2/06/2021,,,,,,,,,,,,,,,,,,,,,0.16121,,24/04/2021,1950,"University of Waikato, Hamilton Campus",,,"showers, mild",Dolomedes minor,Fern,,,02/08/21 - Euthanised,,,,,,
G42,Dead,Mature,M,P,T,24/05/2021,,,,,,,,,,,,,,,,,,,,,0.16833,,24/04/2021,1950,"University of Waikato, Hamilton Campus",,,"showers, mild",Dolomedes minor,Fern,,,27/07/2021,,,,,,
G43,Dead,Mature,M,P,T,2/06/2021,,,,,,,,,,,,,,,,,,,,,,,24/04/2021,1950,"University of Waikato, Hamilton Campus",,,"showers, mild",Dolomedes minor,Long Grass,,,08/08/21 - Euthanised,,,,,,
H01,Dead,Penultimate,F,P,,,,,,,,0.2309,,,,,,,,,,,,,,,,,21/10/2020,2046,"Hammond Park, Malcom Street end",,,"Fine, warm",Dolomedes minor,Flax,Na,5 legs,18/12/2020,,,,,,
H02,Released,Juvenile,M,J,,18/12/2020,,,,,,0.08072,,,,,0.11323,,,,,,,,,,,,21/10/2020,2046,"Hammond Park, Malcom Street end",,,"Fine, warm",Dolomedes minor,Flax,Na,,,15/01/2021,,,,,
H03,Dead,Juvenile,?,J,,,,,,,,,,,,,,,,,,,,,,,,,23/10/2020,2046,"Hammond Park, Malcom Street end",,,"Fine, warm",Not Dolomedes,Tradescantia,Na,,11/12/2020,,,,,,
H04,Released,Juvenile,?,J,,28/10/2020,,,,,,,,0.09921,,,,,,,,,,,,,,,23/10/2020,2046,"Hammond Park, Malcom Street end",,,"Fine, warm",Dolomedes minor,Long Grass,Na,,,15/01/2021,,,,,
H05,Released,Juvenile,?,J,,28/10/2020,14/12/2020,,,,,,,0.07336,,,0.0926,,,,,,,,,,,,23/10/2020,2046,"Hammond Park, Malcom Street end",,,"Fine, warm",Dolomedes minor,Long Grass,Na,,,15/01/2021,,,,,
H06,Dead,Mature,F,J,,28/10/2020,10/03/2021,7/04/2021,,,,,,0.21444,,,,,,,,,,0.48119,,?,0.68711,,23/10/2020,2046,"Hammond Park, Malcom Street end",,,"Fine, warm",Dolomedes minor,Long Grass,Na,,9/07/2021,,,,,,
H07,Released,Juvenile,F?,J,,28/10/2020,,,,,,,,0.10852,,,,,,,,,,,,,,,23/10/2020,2046,"Hammond Park, Malcom Street end",,,"Fine, warm",Dolomedes minor,Long Grass,Na,,,15/01/2021,,,,,
H08,Dead,Mature,F,M?,,,,,,,,,,0.3532,,,,,,,,,,,,,,,23/10/2020,2046,"Hammond Park, Malcom Street end",,,"Fine, warm",Dolomedes minor,Long Grass,Na,,29/12/2020,,,,,,
H09,Released,Juvenile,F?,J,,24/11/2020,,,,,,,,0.10501,,,0.12919,,,,,,,,,,,,23/10/2020,2046,"Hammond Park, Malcom Street end",,,"Fine, warm",Dolomedes minor,Long Grass,Na,,,15/01/2021,,,,,
H10,Dead,Juvenile,F,J,,,,,,,,,,0.17701,,,,,,,,,,,,,,,30/10/2020,2045,"Hammond Park, Malcom Street end",,,"Overcast, warm",Dolomedes minor,Long Grass,Na,,12/01/2021,,,,,,
H11,Released,Juvenile,?,J,,10/11/2020,9/12/2020,,,,,,,0.03503,,,0.05391,,,,,,,,,,,,30/10/2020,2045,"Hammond Park, Malcom Street end",,,"Overcast, warm",Dolomedes minor,Long Grass,Na,,,15/01/2021,,,,,
H12,Released,Juvenile,?,J,,20/11/2020,,,,,,,,0.05185,,,0.06398,,,,,,,,,,,,30/10/2020,2045,"Hammond Park, Malcom Street end",,,"Overcast, warm",Dolomedes minor,Long Grass,Na,eating cranefly,,15/01/2021,,,,,
H13,Dead,Juvenile,F,J,,,,,,,,,,0.12987,,,,,,,,,,,,,,,30/10/2020,2045,"Hammond Park, Malcom Street end",,,"Overcast, warm",Dolomedes minor,Long Grass,Na,lost 2 legs,,,,,,,
H14,Released,Juvenile,?,J,,10/11/2020,16/12/2020,,,,,,,,0.03382,,0.04944,,,,,,,,,,,,30/10/2020,2045,"Hammond Park, Malcom Street end",,,"Overcast, warm",Dolomedes minor,Onion Blossom,Na,,,15/01/2021,,,,,
H15,Dead,Mature,F,J,,20/11/2020,15/03/2021,24/04/2021,2/06/2021,,,,,0.17178,,,0.19385,,,0.19597,,,,0.40059,,?,0.65063,1.02714,30/10/2020,2045,"Hammond Park, Malcom Street end",,,"Overcast, warm",Dolomedes minor,Long Grass,Na,eating woodlouse,02/08/21 - Euthanised,,,,,,
H16,Dead,Mature,F,J,,27/01/2021,15/04/2021,,,,,,,,,,,0.19242,,,,,,,,?,0.64179,,9/01/2021,2145,"Hammond Park, Malcom Street end",,,"Clear, Warm",Dolomedes minor,Long Grass,Na,,02/08/21 - Euthanised,,,,,,
H17,Dead,Juvenile,M,P,,25/01/2021,,,,,,,,,,,,0.19214,,,,,,,,,,,9/01/2021,2145,"Hammond Park, Malcom Street end",,,"Clear, Warm",Dolomedes minor,Long Grass,Na,,2/02/2021,,,,,,
H18,Dead,Penultimate,F,P,,,,,,,,,,,,,,0.43677,,,,,,,,,,,9/01/2021,2145,"Hammond Park, Malcom Street end",,,"Clear, Warm",Dolomedes minor,Long Grass,Na,,2/02/2021,,,,,,
H19,Juvenile,Juvenile,M?,J,,,,,,,,,,,,,,0.19489,,,,,,,,,,,9/01/2021,2145,"Hammond Park, Malcom Street end",,,"Clear, Warm",Dolomedes minor,Long Grass,Na,,,,,,,,
H20,Dead,Mature,F,J,,15/01/2021,11/03/2021,15/04/2021,7/06/2021,,,,,,,,,0.20228,,,,,,0.45455,,?,0.61095,0.76698,9/01/2021,2145,"Hammond Park, Malcom Street end",,,"Clear, Warm",Dolomedes minor,Cabbage Tree,Na,,02/08/21 - Euthanised,,,,,,
H21,Dead,Juvenile,F,P,,10/03/2021,15/04/2021,,,,,,,,,,,0.22242,,,,,,0.47513,,,,,9/01/2021,2145,"Hammond Park, Malcom Street end",,,"Clear, Warm",Dolomedes minor,Long Grass,Na,,,,,,,,
H22,Dead,Mature,F,P,,16/01/2021,2/04/2021,,,,,,,,,,,0.32677,,,,,,,,?,0.58015,,9/01/2021,2145,"Hammond Park, Malcom Street end",,,"Clear, Warm",Dolomedes minor,Flax,Na,,29/07/21 - Euthanised,,,,,,
H23,Dead,Mature,F,J,,27/01/2021,15/03/2021,14/04/2021,,,,,,,,,,0.158,,,,0.22067,,0.45657,,?,0.62241,,9/01/2021,2145,"Hammond Park, Malcom Street end",,,"Clear, Warm",Dolomedes minor,Shrub,Na,,29/07/21 - Euthanised,,,,,,
H24,Juvenile,Juvenile,F,P,,14/01/2021,,,,,,,,,,,,0.3145,,,,,,,,,,,9/01/2021,2145,"Hammond Park, Malcom Street end",,,"Clear, Warm",Dolomedes minor,Flax,Na,,,,,,,,
H25,Juvenile,Juvenile,M?,J,,,,,,,,,,,,,,0.1171,,,,,,,,,,,11/01/2021,2200,"Hammond Park, Malcom Street end",,,"Clear, Warm",Dolomedes minor,Long Grass,Na,,,,,,,,
H26,Mature,Mature,M,P,,2/04/2021,,,,,,,,,,,,0.09424,,,,,,,,?,0.12513,,11/01/2021,2200,"Hammond Park, Malcom Street end",,,"Clear, Warm",Dolomedes minor,Long Grass,Na,,,,,,,,
H27,Mature,Mature,M,P,,3/03/2021,,,,,,,,,,,,0.14504,,,,0.16429,,,,,,,11/01/2021,2200,"Hammond Park, Malcom Street end",,,"Clear, Warm",Dolomedes minor,Long Grass,Na,,,,,,,,
H28,Released,Juvenile,M?,J,,10/03/2021,,,,,,,,,,,,0.09965,,,,,,,,,,,11/01/2021,2200,"Hammond Park, Malcom Street end",,,"Clear, Warm",Dolomedes minor,Flax,Na,,,,,,,,
H29,Mature,Mature,M,P,,22/03/2021,,,,,,,,,,,,0.11715,,,,,,0.16218,,,,,11/01/2021,2200,"Hammond Park, Malcom Street end",,,"Clear, Warm",Dolomedes minor,Flax,Na,Feeding,,,,,,,
H30,Dead,Mature,F,J,,22/03/2021,16/04/2021,,,,,,,,,,,0.23448,,,,,,0.46151,,?,0.73922,,11/01/2021,2200,"Hammond Park, Malcom Street end",,,"Clear, Warm",Dolomedes minor,Flax,Na,,02/08/21 - Euthanised,,,,,,
H31,Mature,Mature,M,J,,20/01/2021,25/03/2021,,,,,,,,,,,0.15824,,,,0.21116,,0.23139,,,,,11/01/2021,2200,"Hammond Park, Malcom Street end",,,"Clear, Warm",Dolomedes minor,Cabbage Tree,Na,Feeding,,,,,,,
H32,Released,Juvenile,F,J,,25/03/2021,12/04/2021,,,,,,,,,,,0.12943,,,,,,0.31466,,,,,11/01/2021,2200,"Hammond Park, Malcom Street end",,,"Clear, Warm",Dolomedes minor,Shrub,Na,Feeding,,,,,,,
H33,Dead,Penultimate,M,J,,19/02/2021,22/03/2021,15/04/2021,,,,,,,,,,0.07799,,,,0.10291,,0.19264,,,,,11/01/2021,2200,"Hammond Park, Malcom Street end",,,"Clear, Warm",Dolomedes minor,Shrub,Na,,,,,,,,
H34,Dead,Mature,F?,J,,16/03/2021,16/04/2021,,,,,,,,,,,0.17779,,,,,,0.42048,,?,0.59653,0.76965,11/01/2021,2200,"Hammond Park, Malcom Street end",,,"Clear, Warm",Dolomedes minor,Shrub,Na,,29/07/21 - Euthanised,,,,,,
H35,Mature,Mature,M,P,,26/01/2021,,,,,,,,,,,,0.22875,,,,0.23209,,,,,,,11/01/2021,2200,"Hammond Park, Malcom Street end",,,"Clear, Warm",Dolomedes minor,Shrub,Na,,,,,,,,
H36,Mature,Mature,F,P,,20/01/2021,,,,,,,,,,,,,,0.40551,,,,,,,,,11/01/2021,2200,"Hammond Park, Malcom Street end",,,"Clear, Warm",Dolomedes minor,Cabbage Tree,Na,,,,,,,,
H37,Dead,Mature,M,P,,12/03/2021,,,,,,,,,,,,,,0.10957,,,,0.13675,,,,,11/01/2021,2200,"Hammond Park, Malcom Street end",,,"Clear, Warm",Dolomedes minor,Shrub,Na,,02/08/21 - Euthanised,,,,,,
H38,Dead,Penultimate,M,J,,3/03/2021,9/04/2021,,,,,,,,,,,,,0.13365,,,,0.26769,,?,0.31481,,11/01/2021,2200,"Hammond Park, Malcom Street end",,,"Clear, Warm",Dolomedes minor,Shrub,Na,,7/08/2021,,,,,,
H39,Released,Juvenile,M,J,,,,,,,,,,,,,,,,0.1238,,,,,,,,,15/01/2021,2143,"Hammond Park, Malcom Street end",,,"Clear, Warm",Dolomedes minor,Shrub,Na,,,14/03/2021,,,,,
H40,Dead,Mature,M,P,,?,,,,,,,,,,,,,,0.18042,,,,,,,,,15/01/2021,2143,"Hammond Park, Malcom Street end",,,"Clear, Warm",Dolomedes minor,Shrub,Na,,,,,,,,
H41,Dead,Juvenile,F,J,,22/01/2021,15/03/2021,7/04/2021,13/05/2021,,,,,,,,,,,0.16901,,,,0.46444,,?,0.68517,,15/01/2021,2143,"Hammond Park, Malcom Street end",,,"Clear, Warm",Dolomedes minor,Shrub,Na,,15/05/2021,,,,,,
H42,Mature,Mature,M,P,,25/03/2021,,,,,,,,,,,,,,0.32948,,,,0.41925,,,,,15/01/2021,2143,"Hammond Park, Malcom Street end",,,"Clear, Warm",Dolomedes minor,Shrub,Na,,,,,,,,
H43,Dead,Mature,F,P,,30/03/2021,11/05/2021,,,,,,,,,,,,,0.34218,,,,0.57105,,,,1.06594,15/01/2021,2143,"Hammond Park, Malcom Street end",,,"Clear, Warm",Dolomedes minor,Shrub,Na,,29/07/21 - Euthanised,,,,,,
H44,Dead,Mature,F,J,,3/02/2021,15/03/2021,15/04/2021,,,,,,,,,,,,0.20318,,,,0.49884,,?,0.69162,,15/01/2021,2143,"Hammond Park, Malcom Street end",,,"Clear, Warm",Dolomedes minor,Long Grass,Na,,02/08/21 - Euthanised,,,,,,
H45,Dead,Mature,F,J,,5/02/2021,15/03/2021,14/04/2021,,,,,,,,,,,,0.21055,,0.23768,,0.44526,,?,0.60166,,15/01/2021,2143,"Hammond Park, Malcom Street end",,,"Clear, Warm",Dolomedes minor,Long Grass,Na,,26/07/21 - Euthanised,,,,,,
H46,Dead,Mature,M,J,,15/03/2021,12/04/2021,,,,,,,,,,,,,0.12899,,,,0.32226,,?,0.3092,,15/01/2021,2143,"Hammond Park, Malcom Street end",,,"Clear, Warm",Dolomedes minor,Long Grass,Na,,7/07/2021,,,,,,
H47,Dead,Penultimate,F,J,,15/03/2021,14/04/2021,2/06/2021,,,,,,,,,,,,0.165,,,,0.40264,,?,0.63968,,15/01/2021,2143,"Hammond Park, Malcom Street end",,,"Clear, Warm",Dolomedes minor,Flax,Na,,07/08/21 - Euthanised,,,,,,
H48,Released,Juvenile,F?,J,,,,,,,,,,,,,,,,0.13457,,,,,,,,,15/01/2021,2143,"Hammond Park, Malcom Street end",,,"Clear, Warm",Dolomedes minor,Long Grass,Na,,,14/03/2021,,,,,
H49,Released,Juvenile,F?,J,,3/03/2021,,,,,,,,,,,,,,0.11449,,,,,,,,,15/01/2021,2143,"Hammond Park, Malcom Street end",,,"Clear, Warm",Dolomedes minor,Shrub,Na,,,,,,,,
H50,Dead,Mature,F,J,,15/03/2021,14/04/2021,,,,,,,,,,,,,0.17453,,,,0.44599,,?,0.58959,,15/01/2021,2143,"Hammond Park, Malcom Street end",,,"Clear, Warm",Dolomedes minor,Long Grass,Na,,29/07/21 - Euthanised,,,,,,
H51,Juvenile,Juvenile,F,J,,28/01/2021,,,,,,,,,,,,,,0.17525,,,,,,,,,15/01/2021,2143,"Hammond Park, Malcom Street end",,,"Clear, Warm",Dolomedes minor,Sapling,Na,,,14/03/2021,,,,,
H52,Dead,Mature,M,J,,4/03/2021,7/04/2021,,,,,,,,,,,,,0.07609,,0.10247,,,,?,0.1912,,15/01/2021,2143,"Hammond Park, Malcom Street end",,,"Clear, Warm",Dolomedes minor,Long Grass,Na,,07/08/21 - Euthanised,,,,,,
H53,Dead,Juvenile,F,J,,30/03/2021,,,,,,,,,,,,,,,,,,,,,,,15/01/2021,2143,"Hammond Park, Malcom Street end",,,"Clear, Warm",Dolomedes minor,Tradescantia,Na,,16/1/21 - Dead on arrival to lab,,,,,,
H54,Dead,Mature,F,P,,,,,,,,,,,,,,,,,0.44209,,,,,,,1.12634,24/02/2021,2339,"Hammond Park, Malcom Street end",,,"Hot, humid, overcast",Dolomedes minor,Shrub,Na,,07/08/21 - Euthanised,,,,,,
H55,Juvenile,Juvenile,F,P,,,,,,,,,,,,,,,,,0.40847,,,,,,,,24/02/2021,2339,"Hammond Park, Malcom Street end",,,"Hot, humid, overcast",Dolomedes minor,Long Grass,Na,,22/03/2021,,,,,,
H56,Mature,Mature,M,P,,5/03/2021,,,,,,,,,,,,,,,0.17736,,,0.20329,,,,,24/02/2021,2339,"Hammond Park, Malcom Street end",,,"Hot, humid, overcast",Dolomedes minor,Long Grass,Na,,,,,,,,
H57,Dead,Mature,F,P,,9/04/2021,,,,,,,,,,,,,,,0.27825,,,,,,0.80191,,24/02/2021,2339,"Hammond Park, Malcom Street end",,,"Hot, humid, overcast",Dolomedes minor,Tree,Na,,29/07/21 - Euthanised,,,,,,
H58,Dead,Mature,F,P,,10/03/2021,,,,,,,,,,,,,,,0.43415,,,0.64707,,,,,24/02/2021,2339,"Hammond Park, Malcom Street end",,,"Hot, humid, overcast",Dolomedes minor,Tradescantia,Na,,02/08/21 - Euthanised,,,,,,
H59,Dead,Mature,F,P,,8/03/2021,,,,,,,,,,,,,,,,0.47863,,0.6377,,,,,24/02/2021,2339,"Hammond Park, Malcom Street end",,,"Hot, humid, overcast",Dolomedes minor,Grass,Na,,02/08/21 - Euthanised,,,,,,
H60,Dead,Mature,F,P,,12/03/2021,,,,,,,,,,,,,,,0.50712,,,0.77942,,,,,24/02/2021,2339,"Hammond Park, Malcom Street end",,,"Hot, humid, overcast",Dolomedes minor,Tradescantia,Na,,25/06/2021,,,,,,
H61,Dead,Mature,F,P,,24/03/2021,22/04/2021,,,,,,,,,,,,,,0.33533,,,,0.70387,,0.77576,,24/02/2021,2339,"Hammond Park, Malcom Street end",,,"Hot, humid, overcast",Dolomedes minor,Flax,Na,,29/07/21 - Euthanised,,,,,,
H62,Dead,Mature,F,P,,3/03/2021,1/04/2021,,,,,,,,,,,,,,0.43545,0.50008,,,0.90223,,,,24/02/2021,2339,"Hammond Park, Malcom Street end",,,"Hot, humid, overcast",Dolomedes minor,Tradescantia,Na,,08/08/21 - Euthanised,,,,,,
H63,Dead,Mature,F,P,,24/03/2021,,,,,,,,,,,,,,,0.33362,,,,0.76609,,,,24/02/2021,2339,"Hammond Park, Malcom Street end",,,"Hot, humid, overcast",Dolomedes minor,Shrub,Na,,02/08/21 - Euthanised,,,,,,
H64,,Mature,M,P,T,5/05/2021,,,,,,,,,,,,,,,,,,,0.16134,,,,15/04/2021,2008,"Hammond Park, Malcom Street end",,,"Cloudy, cool",Dolomedes minor,Ivy,,,,,,,,,
H65,,Mature,M,P,T,12/05/2021,,,,,,,,,,,,,,,,,,,0.10536,,,,15/04/2021,2008,"Hammond Park, Malcom Street end",,,"Cloudy, cool",Dolomedes minor,Shrub,,,,,,,,,
H66,Dead,,M,P,T,,,,,,,,,,,,,,,,,,,,0.13649,,,,15/04/2021,2008,"Hammond Park, Malcom Street end",,,"Cloudy, cool",Dolomedes minor,Long Grass,,,12/05/2021,,,,,,
H67,Dead,Mature,M,P,T,26/05/2021,,,,,,,,,,,,,,,,,,,0.21835,,,0.30043,15/04/2021,2008,"Hammond Park, Malcom Street end",,,"Cloudy, cool",Dolomedes minor,Long Grass,,,26/07/21 - Euthanised,,,,,,
H68,Dead,,M,P,T,,,,,,,,,,,,,,,,,,,,0.20228,,,,15/04/2021,2008,"Hammond Park, Malcom Street end",,,"Cloudy, cool",Dolomedes minor,Long Grass,,,5/05/2021,,,,,,
H69,Dead,Penultimate,M,P,T,,,,,,,,,,,,,,,,,,,,0.13773,,,,15/04/2021,2008,"Hammond Park, Malcom Street end",,,"Cloudy, cool",Dolomedes minor,Long Grass,,,28/06/2021,,,,,,
H70,Mature,Mature,M,P,T,2/06/2021,,,,,,,,,,,,,,,,,,,0.11978,,,0.18493,22/04/2021,1200,"Hammond Park, Malcom Street end",,,"Clear, mild",Dolomedes minor,Long Grass,,,,,,,,,
H71,Dead,Mature,M,P,T,26/05/2021,,,,,,,,,,,,,,,,,,,0.19051,,,0.25414,22/04/2021,1200,"Hammond Park, Malcom Street end",,,"Clear, mild",Dolomedes minor,Long Grass,,,02/08/21 - Euthanised,,,,,,
H72,,Mature,M,P,T,26/05/2021,,,,,,,,,,,,,,,,,,,0.13664,,,0.19635,22/04/2021,1200,"Hammond Park, Malcom Street end",,,"Clear, mild",Dolomedes minor,Long Grass,,,,,,,,,
H73,Dead,Mature,M,P,T,21/05/2021,,,,,,,,,,,,,,,,,,,0.1411,,,,22/04/2021,1200,"Hammond Park, Malcom Street end",,,"Clear, mild",Dolomedes minor,Long Grass,,,07/08/21 - Euthanised,,,,,,
H74,,,M,P,T,,,,,,,,,,,,,,,,,,,,0.17684,,,,22/04/2021,1200,"Hammond Park, Malcom Street end",,,"Clear, mild",Dolomedes minor,Long Grass,,,03/06/21 - failed moult,,,,,,
H75,Dead,Mature,M,P,T,2/06/2021,,,,,,,,,,,,,,,,,,,0.13508,,,,22/04/2021,1200,"Hammond Park, Malcom Street end",,,"Clear, mild",Dolomedes minor,Long Grass,,,08/08/21 - Euthanised,,,,,,
H76,,Mature,M,P,T,21/05/2021,,,,,,,,,,,,,,,,,,,0.19151,,,0.21424,22/04/2021,1200,"Hammond Park, Malcom Street end",,,"Clear, mild",Dolomedes minor,Long Grass,,,,,,,,,
J01,Released,Juvenile,?,J,,9/11/2020,,,,,,,,,0.08225,,0.0858,,,,,,,,,,,,22/10/2020,2021,Braithwaite Park,,,"Cloudy, warm",Dolomedes minor,Long Grass,Na,,,15/01/2021,,,,,
J02,Released,Juvenile,?,J,,29/10/2020,16/11/2020,,,,,,,,0.04166,,0.05248,,,,,,,,,,,,22/10/2020,2021,Braithwaite Park,,,"Cloudy, warm",Dolomedes minor,Long Grass,Na,,,15/01/2021,,,,,
J03,Dead,Mature,M,P,,2/11/2020,,,,,,,,,0.21339,,0.21213,,,,,,,,,,,,22/10/2020,2021,Braithwaite Park,,,"Cloudy, warm",Dolomedes minor,Tradescantia,Na,,,,,,,,
J04,Released,Juvenile,?,J,,5/11/2020,7/12/2020,,,,,,,,0.0322,,0.04889,,,,,,,,,,,,22/10/2020,2021,Braithwaite Park,,,"Cloudy, warm",Dolomedes minor,Long Grass,Na,,,15/01/2021,,,,,
J05,Released,Juvenile,?,J,,30/10/2020,24/11/2020,,,,,,,,0.02411,,,,,,,,,,,,,,22/10/2020,2021,Braithwaite Park,,,"Cloudy, warm",Dolomedes minor,Long Grass,Na,,,15/01/2021,,,,,
J06,Released,Juvenile,?,J,,16/12/2020,,,,,,,,,0.07872,,0.09271,,,,,,,,,,,,6/11/2020,2030,Braithwaite Park,,,"Clear, Warm",Dolomedes minor,Long Grass,Na,,,15/01/2021,,,,,
J07,Released,Juvenile,?,J,,30/11/2020,,,,,,,,,0.04984,,0.05698,,,,,,,,,,,,6/11/2020,2030,Braithwaite Park,,,"Clear, Warm",Dolomedes minor,Long Grass,Na,,,15/01/2021,,,,,
J08,Released,Juvenile,?,J,,13/11/2020,,,,,,,,,0.03964,,,,,,,,,,,,,,6/11/2020,2030,Braithwaite Park,,,"Clear, Warm",Dolomedes minor,Long Grass,Na,,,15/01/2021,,,,,
J09,Released,Juvenile,?,J,,20/11/2020,16/12/2020,,,,,,,,0.03882,,0.05745,,,,,,,,,,,,6/11/2020,2030,Braithwaite Park,,,"Clear, Warm",Dolomedes minor,Long Grass,Na,,,15/01/2021,,,,,
J10,Released,Juvenile,?,J,,,,,,,,,,,0.10001,,,,,,,,,,,,,,6/11/2020,2030,Braithwaite Park,,,"Clear, Warm",Dolomedes minor,Long Grass,Na,,,15/01/2021,,,,,
J11,Released,Juvenile,?,J,,9/12/2020,,,,,,,,,0.07573,,0.09354,,,,,,,,,,,,6/11/2020,2030,Braithwaite Park,,,"Clear, Warm",Dolomedes minor,Long Grass,Na,,,15/01/2021,,,,,
J12,Released,Juvenile,?,J,,14/12/2020,,,,,,,,,0.03108,,0.04529,,,,,,,,,,,,6/11/2020,2030,Braithwaite Park,,,"Clear, Warm",Dolomedes minor,Long Grass,Na,,,15/01/2021,,,,,
J13,Released,Juvenile,?,J,,,16/12/2020,,,,,,,,0.02018,,0.03077,,,,,,,,,,,,6/11/2020,2030,Braithwaite Park,,,"Clear, Warm",Dolomedes minor,Long Grass,Na,,,15/01/2021,,,,,
J14,Released,Juvenile,?,J,,12/11/2020,16/12/2020,,,,,,,,0.06019,,0.07145,,,,,,,,,,,,6/11/2020,2030,Braithwaite Park,,,"Clear, Warm",Dolomedes minor,Long Grass,Na,,,15/01/2021,,,,,
J15,Released,Juvenile,?,J,,26/11/2020,,,,,,,,,0.03105,,0.03339,,,,,,,,,,,,6/11/2020,2030,Braithwaite Park,,,"Clear, Warm",Dolomedes minor,Long Grass,Na,,,15/01/2021,,,,,
J16,Released,Juvenile,?,J,,27/11/2020,,,,,,,,,0.01756,,0.02255,,,,,,,,,,,,6/11/2020,2030,Braithwaite Park,,,"Clear, Warm",Dolomedes minor,Long Grass,Na,,,15/01/2021,,,,,
J17,Released,Juvenile,?,J,,16/11/2020,,,,,,,,,0.11537,,0.11504,,,,,,,,,,,,6/11/2020,2030,Braithwaite Park,,,"Clear, Warm",Dolomedes minor,Long Grass,Na,,,15/01/2021,,,,,
J18,Released,Juvenile,?,J,,12/11/2020,16/12/2020,,,,,,,,0.02593,,0.04148,,,,,,,,,,,,6/11/2020,2030,Braithwaite Park,,,"Clear, Warm",Dolomedes minor,Long Grass,Na,,,15/01/2021,,,,,
J19,Juvenile,Juvenile,?,J,,,,,,,,,,,0.03924,,,,,,,,,,,,,,6/11/2020,2030,Braithwaite Park,,,"Clear, Warm",Dolomedes minor,Long Grass,Na,,,,,,,,
J20,Juvenile,Juvenile,?,J,,,,,,,,,,,0.02489,,,,,,,,,,,,,,6/11/2020,2030,Braithwaite Park,,,"Clear, Warm",Dolomedes minor,Long Grass,Na,,,,,,,,
J21,Juvenile,Juvenile,?,J,,,,,,,,,,,0.02215,,,,,,,,,,,,,,6/11/2020,2030,Braithwaite Park,,,"Clear, Warm",Dolomedes minor,Long Grass,Na,,,,,,,,
J22,Released,Juvenile,?,J,,20/11/2020,16/12/2020,,,,,,,,0.04559,,0.061,,,,,,,,,,,,6/11/2020,2030,Braithwaite Park,,,"Clear, Warm",Dolomedes minor,Long Grass,Na,,,15/01/2021,,,,,
J23,Released,Juvenile,?,J,,12/11/2020,,,,,,,,,0.03544,,,,,,,,,,,,,,6/11/2020,2030,Braithwaite Park,,,"Clear, Warm",Dolomedes minor,Long Grass,Na,,,15/01/2021,,,,,
J24,Dead,Mature,M,P,,12/11/2020,,,,,,,,,0.10537,,,,,,,,,,,,,,6/11/2020,2030,Braithwaite Park,,,"Clear, Warm",Dolomedes minor,Long Grass,Na,,16/03/2021,,,,,,
J25,Released,Juvenile,?,J,,20/11/2020,,,,,,,,,0.08156,,,,,,,,,,,,,,6/11/2020,2030,Braithwaite Park,,,"Clear, Warm",Dolomedes minor,Long Grass,Na,,,15/01/2021,,,,,
J26,Dead,Dead,?,J,,,,,,,,,,,,,,,,,,,,,,,,,6/11/2020,2030,Braithwaite Park,,,"Clear, Warm",Dolomedes minor,Long Grass,Na,,9/11/2020 - cricket,,,,May not exist?,,
J27,Released,Juvenile,?,J,,12/11/2020,,,,,,,,,0.07264,,,,,,,,,,,,,,6/11/2020,2030,Braithwaite Park,,,"Clear, Warm",Dolomedes minor,Long Grass,Na,,,15/01/2021,,,,,
J28,Released,Juvenile,?,J,,20/11/2020,14/12/2020,,,,,,,,0.04194,,0.0551,,,,,,,,,,,,6/11/2020,2030,Braithwaite Park,,,"Clear, Warm",Dolomedes minor,Long Grass,Na,,,15/01/2021,,,,,
J29,Released,Juvenile,?,J,,12/11/2020,14/12/2020,,,,,,,,0.0529,,0.05774,,,,,,,,,,,,6/11/2020,2030,Braithwaite Park,,,"Clear, Warm",Dolomedes minor,Shrub,Na,,,15/01/2021,,,,,
J30,Released,Juvenile,?,J,,9/11/2020,14/12/2020,,,,,,,,0.05226,,0.07172,,,,,,,,,,,,6/11/2020,2030,Braithwaite Park,,,"Clear, Warm",Dolomedes minor,Shrub,Na,,,15/01/2021,,,,,
J31,Released,Juvenile,?,J,,25/11/2020,,,,,,,,,0.01957,,,,,,,,,,,,,,6/11/2020,2030,Braithwaite Park,,,"Clear, Warm",Dolomedes minor,Shrub,Na,,,15/01/2021,,,,,
J32,Released,Juvenile,?,J,,14/12/2020,,,,,,,,,0.03031,,0.04287,,,,,,,,,,,,6/11/2020,2030,Braithwaite Park,,,"Clear, Warm",Dolomedes minor,Shrub,Na,,,15/01/2021,,,,,
J33,Juvenile,Juvenile,F,P?,,,,,,,,,,,0.12089,,,,,,,,,,,,,,6/11/2020,2030,Braithwaite Park,,,"Clear, Warm",Dolomedes minor,Long Grass,Na,,,,,,,,
J34,Released,Juvenile,?,J,,20/11/2020,,,,,,,,,0.04295,,,,,,,,,,,,,,6/11/2020,2030,Braithwaite Park,,,"Clear, Warm",Dolomedes minor,Long Grass,Na,,,15/01/2021,,,,,
J35,Released,Juvenile,?,J,,20/11/2020,,,,,,,,,0.04436,,,,,,,,,,,,,,6/11/2020,2030,Braithwaite Park,,,"Clear, Warm",Dolomedes minor,Long Grass,Na,,,15/01/2021,,,,,
J36,Released,Juvenile,?,J,,18/11/2020,,,,,,,,,0.0312,,,,,,,,,,,,,,6/11/2020,2030,Braithwaite Park,,,"Clear, Warm",Dolomedes minor,Long Grass,Na,,,15/01/2021,,,,,
J37,Released,Juvenile,?,J,,20/11/2020,,,,,,,,,0.01739,,,,,,,,,,,,,,6/11/2020,2030,Braithwaite Park,,,"Clear, Warm",Dolomedes minor,Long Grass,Na,,,15/01/2021,,,,,
J38,Released,Juvenile,?,J,,9/12/2020,21/12/2020,,,,,,,,0.02479,,0.03877,,,,,,,,,,,,6/11/2020,2030,Braithwaite Park,,,"Clear, Warm",Dolomedes minor,Long Grass,Na,,,15/01/2021,,,,,
J39,Dead,Juvenile,?,J,,25/11/2020,,,,,,,,,0.06339,,,,,,,,,,,,,,6/11/2020,2030,Braithwaite Park,,,"Clear, Warm",Dolomedes minor,Long Grass,Na,,,,,,,,
J40,Juvenile,Juvenile,?,J,,,,,,,,,,,0.04433,,,,,,,,,,,,,,6/11/2020,2030,Braithwaite Park,,,"Clear, Warm",Dolomedes minor,Long Grass,Na,,,,,,,,
J41,Released,Juvenile,?,J,,24/11/2020,,,,,,,,,0.02787,,,,,,,,,,,,,,6/11/2020,2030,Braithwaite Park,,,"Clear, Warm",Dolomedes minor,Shrub,Na,,,15/01/2021,,,,,
J42,Mature,Mature,M,P,,11/03/2021,,,,,,,,,0.15845,,,,,,,,,,0.24377,,,,6/11/2020,2030,Braithwaite Park,,,"Clear, Warm",Dolomedes minor,Footpath,Na,,,,,,,,
J43,Dead,Mature,M,P,,25/11/2020,,,,,,,,,0.15282,,,,,,,,,,,,,,18/11/2020,2050,Braithwaite Park,,,"Cool, Windy, Occaisional Showers",Dolomedes minor,Long Grass,,,,,,,,,
J44,Dead,Mature,M,J,,7/12/2020,8/03/2021,6/04/2021,,,,,,,0.09041,,0.10749,,,0.1136,,,,,0.3195,?,0.26181,,18/11/2020,2050,Braithwaite Park,,,"Cool, Windy, Occaisional Showers",Dolomedes minor,Long Grass,,,2/06/2021,,,,,,
J45,Released,Penultimate,F,J,,7/12/2020,,,,,,,,,0.11525,,0.13897,,,,,,,,,,,,18/11/2020,2050,Braithwaite Park,,,"Cool, Windy, Occaisional Showers",Dolomedes minor,Long Grass,,,,,,,,,11/03/2021
J46,Juvenile,Juvenile,M?,J,,,,,,,,,,,0.08407,,,,,,,,,,,,,,18/11/2020,2050,Braithwaite Park,,,"Cool, Windy, Occaisional Showers",Dolomedes minor,Long Grass,,,,,,,,,
J47,Released,Juvenile,?,J,,2/12/2020,,,,,,,,,0.03757,,0.04525,,,,,,,,,,,,18/11/2020,2050,Braithwaite Park,,,"Cool, Windy, Occaisional Showers",Dolomedes minor,Long Grass,,,,15/01/2021,,,,,
J48,Released,Juvenile,?,J,,16/12/2020,,,,,,,,,0.01994,,0.02596,,,,,,,,,,,,18/11/2020,2050,Braithwaite Park,,,"Cool, Windy, Occaisional Showers",Dolomedes minor,Long Grass,,,,15/01/2021,,,,,
J49,Released,Juvenile,?,J,,26/11/2020,,,,,,,,,0.08203,,0.06841,,,,,,,,,,,,18/11/2020,2050,Braithwaite Park,,,"Cool, Windy, Occaisional Showers",Dolomedes minor,Dead Fern,,,,15/01/2021,,,,,
J50,Released,Juvenile,?,J,,2/12/2020,,,,,,,,,0.04969,,0.0625,,,,,,,,,,,,18/11/2020,2050,Braithwaite Park,,,"Cool, Windy, Occaisional Showers",Dolomedes minor,Shrub,,,,15/01/2021,,,,,
J51,Released,Juvenile,?,J,,25/11/2020,,,,,,,,,0.02803,,,,,,,,,,,,,,18/11/2020,2050,Braithwaite Park,,,"Cool, Windy, Occaisional Showers",Dolomedes minor,Long Grass,,,,15/01/2021,,,,,
J52,Released,Juvenile,?,J,,24/11/2020,,,,,,,,,0.03929,,,,,,,,,,,,,,18/11/2020,2050,Braithwaite Park,,,"Cool, Windy, Occaisional Showers",Dolomedes minor,Long Grass,,,,15/01/2021,,,,,
J53,Released,Juvenile,?,J,,24/11/2020,,,,,,,,,0.05059,,,,,,,,,,,,,,18/11/2020,2050,Braithwaite Park,,,"Cool, Windy, Occaisional Showers",Dolomedes minor,Long Grass,,,,15/01/2021,,,,,
J54,Released,Juvenile,?,J,,25/11/2020,,,,,,,,,0.05296,,,,,,,,,,,,,,18/11/2020,2050,Braithwaite Park,,,"Cool, Windy, Occaisional Showers",Dolomedes minor,Long Grass,,,,15/01/2021,,,,,
J55,Released,Juvenile,?,J,,25/11/2020,,,,,,,,,0.03495,,,,,,,,,,,,,,18/11/2020,2050,Braithwaite Park,,,"Cool, Windy, Occaisional Showers",Dolomedes minor,Long Grass,,,,15/01/2021,,,,,
J56,Released,Juvenile,?,J,,16/12/2020,,,,,,,,,0.021,,0.02728,,,,,,,,,,,,18/11/2020,2050,Braithwaite Park,,,"Cool, Windy, Occaisional Showers",Dolomedes minor,Long Grass,,,,15/01/2021,,,,,
J57,Released,Juvenile,?,J,,14/12/2020,,,,,,,,,0.04044,,0.05222,,,,,,,,,,,,18/11/2020,2050,Braithwaite Park,,,"Cool, Windy, Occaisional Showers",Dolomedes minor,Shrub,,,,15/01/2021,,,,,
J58,Juvenile,Juvenile,?,J,,,,,,,,,,,0.07464,,,,,,,,,,,,,,18/11/2020,2050,Braithwaite Park,,,"Cool, Windy, Occaisional Showers",Dolomedes minor,Flax,,,,,,,,,
J59,Released,Juvenile,?,J,,4/12/2020,,,,,,,,,0.02991,,0.03565,,,,,,,,,,,,18/11/2020,2050,Braithwaite Park,,,"Cool, Windy, Occaisional Showers",Dolomedes minor,Shrub,,,,15/01/2021,,,,,
J60,Released,Juvenile,?,J,,7/12/2020,,,,,,,,,0.08633,,0.10359,,,,,,,,,,,,18/11/2020,2050,Braithwaite Park,,,"Cool, Windy, Occaisional Showers",Dolomedes minor,Shrub,,,,15/01/2021,,,,,
J61,Dead,Mature,F,P,,10/03/2021,3/04/2021,30/04/2021,,,,,,,0.21075,,,,,,,,,,0.46719,?,0.60286,,18/11/2020,2050,Braithwaite Park,,,"Cool, Windy, Occaisional Showers",Dolomedes minor,Shrub,,Feeding,29/07/21 - Euthanised,,,,,,
J62,Juvenile,Juvenile,?,J,,,,,,,,,,,0.03788,,,,,,,,,,,,,,18/11/2020,2050,Braithwaite Park,,,"Cool, Windy, Occaisional Showers",Dolomedes minor,Long Grass,,,,,,,,,
J63,Released,Juvenile,F,J,,24/11/2020,,,,,,,,,0.12102,,,,,,,,,,,,,,18/11/2020,2050,Braithwaite Park,,,"Cool, Windy, Occaisional Showers",Dolomedes minor,Long Grass,,,,15/01/2021,,,,,
J64,Dead,Juvenile,?,J,,,,,,,,,,,0.06766,,,,,,,,,,,,,,18/11/2020,2050,Braithwaite Park,,,"Cool, Windy, Occaisional Showers",Dolomedes minor,Flax,,,21/12/2020,,,,,,
J65,Mature,Mature,M,P,,25/11/2020,,,,,,,,,0.08563,,,,,,,,,,,,,,18/11/2020,2050,Braithwaite Park,,,"Cool, Windy, Occaisional Showers",Dolomedes minor,Long Grass,,,27/01/2021,,,,,,
J66,Dead,Mature,M,P,,24/11/2020,,,,,,,,,0.16837,,,,,,,,,,,,,,18/11/2020,2050,Braithwaite Park,,,"Cool, Windy, Occaisional Showers",Dolomedes minor,Long Grass,,,24/02/2021,,,,,,
J67,Juvenile,Juvenile,?,J,,,,,,,,,,,0.07308,,,,,,,,,,,,,,18/11/2020,2050,Braithwaite Park,,,"Cool, Windy, Occaisional Showers",Dolomedes minor,Flax,,,,,,,,,
J68,Mature,Mature,M,J,,24/11/2020,,,,,,,,,0.07099,,,,,,,,,,,,,,18/11/2020,2050,Braithwaite Park,,,"Cool, Windy, Occaisional Showers",Dolomedes minor,Long Grass,,Hunting earwig,,,,,,,
J69,Released,Juvenile,?,J,,23/11/2020,,,,,,,,,0.05416,,,,,,,,,,,,,,18/11/2020,2050,Braithwaite Park,,,"Cool, Windy, Occaisional Showers",Dolomedes minor,Long Grass,,,,15/01/2021,,,,,
J70,Released,Juvenile,?,J,,25/11/2020,,,,,,,,,0.0508,,,,,,,,,,,,,,18/11/2020,2050,Braithwaite Park,,,"Cool, Windy, Occaisional Showers",Dolomedes minor,Long Grass,,,,15/01/2021,,,,,
J71,Released,Juvenile,?,J,,24/11/2020,,,,,,,,,0.0562,,,,,,,,,,,,,,18/11/2020,2050,Braithwaite Park,,,"Cool, Windy, Occaisional Showers",Dolomedes minor,Shrub,,,,15/01/2021,,,,,
J72,Dead,Juvenile,?,J,,,,,,,,,,,0.07355,,,,,,,,,,,,,,18/11/2020,2050,Braithwaite Park,,,"Cool, Windy, Occaisional Showers",Dolomedes minor,Shrub,,,24/06/2021,,,,,,
J73,Released,Juvenile,?,J,,24/11/2020,,,,,,,,,0.03907,,,,,,,,,,,,,,18/11/2020,2050,Braithwaite Park,,,"Cool, Windy, Occaisional Showers",Dolomedes minor,Long Grass,,,,15/01/2021,,,,,
J74,Released,Juvenile,?,J,,24/11/2020,,,,,,,,,0.06553,,,,,,,,,,,,,,18/11/2020,2050,Braithwaite Park,,,"Cool, Windy, Occaisional Showers",Dolomedes minor,Shrub,,,,15/01/2021,,,,,
J75,Released,Juvenile,?,J,,16/12/2020,,,,,,,,,0.04291,,0.05185,,,,,,,,,,,,18/11/2020,2050,Braithwaite Park,,,"Cool, Windy, Occaisional Showers",Dolomedes minor,Long Grass,,,,15/01/2021,,,,,
J76,Dead,Juvenile,?,J,,,,,,,,,,,0.05319,,,,,,,,,,,,,,18/11/2020,2050,Braithwaite Park,,,"Cool, Windy, Occaisional Showers",Dolomedes minor,Long Grass,,,,,,,,,
J77,Juvenile,Juvenile,?,J,,,,,,,,,,,0.04045,,,,,,,,,,,,,,18/11/2020,2050,Braithwaite Park,,,"Cool, Windy, Occaisional Showers",Dolomedes minor,Long Grass,,,,,,,,,
J78,Released,Juvenile,?,J,,2/12/2020,,,,,,,,,0.0421,,0.04743,,,,,,,,,,,,18/11/2020,2050,Braithwaite Park,,,"Cool, Windy, Occaisional Showers",Dolomedes minor,Long Grass,,,,15/01/2021,,,,,
J79,Dead,Mature,M,J,,24/11/2020,5/03/2021,,,,,,,,0.06517,,,,,,,,,,0.06405,,,,18/11/2020,2050,Braithwaite Park,,,"Cool, Windy, Occaisional Showers",Dolomedes minor,Long Grass,,,,3/05/2021,,,,,
J80,Released,Juvenile,?,J,,16/12/2020,,,,,,,,,0.05044,,0.05582,,,,,,,,,,,,18/11/2020,2050,Braithwaite Park,,,"Cool, Windy, Occaisional Showers",Dolomedes minor,Long Grass,,,,15/01/2021,,,,,
J81,Released,Juvenile,?,J,,23/11/2020,,,,,,,,,0.08663,,,,,,,,,,,,,,18/11/2020,2050,Braithwaite Park,,,"Cool, Windy, Occaisional Showers",Dolomedes minor,Long Grass,,,,15/01/2021,,,,,
J82,Released,Juvenile,?,J,,24/11/2020,,,,,,,,,0.05487,,,,,,,,,,,,,,18/11/2020,2050,Braithwaite Park,,,"Cool, Windy, Occaisional Showers",Dolomedes minor,Long Grass,,,,15/01/2021,,,,,
J83,Juvenile,Juvenile,?,J,,,,,,,,,,,0.06531,,,,,,,,,,,,,,18/11/2020,2050,Braithwaite Park,,,"Cool, Windy, Occaisional Showers",Dolomedes minor,Long Grass,,,,,,,,,
J84,Released,Juvenile,F,J,,25/11/2020,,,,,,,,,0.11581,,,,,,,,,,,,,,18/11/2020,2050,Braithwaite Park,,,"Cool, Windy, Occaisional Showers",Dolomedes minor,Shrub,,,,15/01/2021,,,,,
J85,Released,Juvenile,?,J,,2/12/2020,,,,,,,,,0.03473,,0.04425,,,,,,,,,,,,18/11/2020,2050,Braithwaite Park,,,"Cool, Windy, Occaisional Showers",Dolomedes minor,Long Grass,,,,15/01/2021,,,,,
J86,Dead,Juvenile,?,J,,,,,,,,,,,,,,,,,,,,,,,,,18/11/2020,2050,Braithwaite Park,,,"Cool, Windy, Occaisional Showers",Dolomedes minor,Shrub,,,19/11/2020 - Dead on arrival to lab,,,,,,
J87,Juvenile,Juvenile,M,J,,,,,,,,,,,0.08024,,,,,,,,,,,,,,18/11/2020,2050,Braithwaite Park,,,"Cool, Windy, Occaisional Showers",Dolomedes minor,Long Grass,,,,,,,,,
J88,Dead,Juvenile,?,J,,,,,,,,,,,0.06534,,,,,,,,,,,,,,18/11/2020,2050,Braithwaite Park,,,"Cool, Windy, Occaisional Showers",Dolomedes minor,Long Grass,,,4/12/2020,,,,,,
J89,Released,Juvenile,?,J,,16/12/2020,,,,,,,,,0.05328,,0.06637,,,,,,,,,,,,18/11/2020,2050,Braithwaite Park,,,"Cool, Windy, Occaisional Showers",Dolomedes minor,Long Grass,,,,15/01/2021,,,,,
J90,Juvenile,Juvenile,?,J,,,,,,,,,,,0.05849,,,,,,,,,,,,,,18/11/2020,2050,Braithwaite Park,,,"Cool, Windy, Occaisional Showers",Dolomedes minor,Shrub,,,,,,,,,
J91,Released,Juvenile,?,J,,23/11/2020,,,,,,,,,0.0565,,,,,,,,,,,,,,18/11/2020,2050,Braithwaite Park,,,"Cool, Windy, Occaisional Showers",Dolomedes minor,Long Grass,,,,15/01/2021,,,,,
J92,Released,Juvenile,?,J,,2/12/2020,,,,,,,,,0.08709,,0.09967,,,,,,,,,,,,18/11/2020,2050,Braithwaite Park,,,"Cool, Windy, Occaisional Showers",Dolomedes minor,Tradescantia,,,,15/01/2021,,,,,
J93,Juvenile,Juvenile,?,J,,,,,,,,,,,0.03994,,,,,,,,,,,,,,18/11/2020,2050,Braithwaite Park,,,"Cool, Windy, Occaisional Showers",Dolomedes minor,Tradescantia,,,,,,,,,
J94,Released,Juvenile,?,J,,14/12/2020,,,,,,,,,0.05061,,0.06066,,,,,,,,,,,,18/11/2020,2050,Braithwaite Park,,,"Cool, Windy, Occaisional Showers",Dolomedes minor,Tradescantia,,,,15/01/2021,,,,,
J95,Released,Juvenile,?,J,,16/12/2020,,,,,,,,,0.03698,,0.04743,,,,,,,,,,,,18/11/2020,2050,Braithwaite Park,,,"Cool, Windy, Occaisional Showers",Dolomedes minor,Tradescantia,,,,15/01/2021,,,,,
J96,Released,Juvenile,M?,J,,,,,,,,,,,0.05461,,,,,,,,,,,,,,18/11/2020,2050,Braithwaite Park,,,"Cool, Windy, Occaisional Showers",Dolomedes minor,Tradescantia,,,,15/01/2021,,,,,
J97,Released,Juvenile,?,J,,2/12/2020,7/12/2020,,,,,,,,0.06937,,0.07518,,,,,,,,,,,,18/11/2020,2050,Braithwaite Park,,,"Cool, Windy, Occaisional Showers",Dolomedes minor,Tradescantia,,Lost leg during capture,,15/01/2021,,,,,
J98,Juvenile,Juvenile,M?,J,,,,,,,,,,,0.10257,,,,,,,,,,,,,,18/11/2020,2050,Braithwaite Park,,,"Cool, Windy, Occaisional Showers",Dolomedes minor,Shrub,,,,,,,,,
J99,Released,Juvenile,?,J,,7/12/2020,,,,,,,,,0.03305,,0.04289,,,,,,,,,,,,18/11/2020,2050,Braithwaite Park,,,"Cool, Windy, Occaisional Showers",Dolomedes minor,Shrub,,,,15/01/2021,,,,,
J100,Released,Juvenile,?,J,,24/11/2020,,,,,,,,,0.06258,,,,,,,,,,,,,,18/11/2020,2050,Braithwaite Park,,,"Cool, Windy, Occaisional Showers",Dolomedes minor,Shrub,,,,15/01/2021,,,,,
J101,Dead,Mature,F,P?,,25/01/2021,19/03/2021,21/04/2021,,,,,,,,,,0.21969,,,,0.2611,,,0.61307,?,0.69194,,6/01/2021,2155,Braithwaite Park,,,"Clear, hot, humid",Dolomedes minor,Tree Trunk,,,26/07/21 - Euthanised,,,,,,
J102,Dead,Mature,F,P,,15/01/2021,24/04/2021,,,,,,,,,,,0.39087,,,,,,,,?,0.90959,,6/01/2021,2155,Braithwaite Park,,,"Clear, hot, humid",Dolomedes minor,Shrub,,,26/07/21 - Euthanised,,,,,,
J103,Dead,Mature,F,J?,,12/03/2021,24/03/2021,21/04/2021,,,,,,,,,,0.21039,,,,,,,0.60451,?,0.65738,,6/01/2021,2155,Braithwaite Park,,,"Clear, hot, humid",Dolomedes minor,Shrub,,,29/07/21 - Euthanised,,,,,,
J104,Dead,Mature,F,P,,23/03/2021,,,,,,,,,,,,0.30986,,,,,,,0.7488,,,,6/01/2021,2155,Braithwaite Park,,,"Clear, hot, humid",Dolomedes minor,Shrub,,,02/08/21 - Euthanised,,,,,,
J105,Dead,Mature,F,P,,15/03/2021,15/04/2021,,,,,,,,,,,0.22171,,,,,,,0.60321,?,0.76304,1.13075,6/01/2021,2155,Braithwaite Park,,,"Clear, hot, humid",Dolomedes minor,Tradescantia,,,26/07/2021,,,,,,
J106,Mature,Mature,M,P,,22/01/2021,,,,,,,,,,,,0.25203,,,,0.23646,,,,,,,6/01/2021,2155,Braithwaite Park,,,"Clear, hot, humid",Dolomedes minor,Flax,,,22/03/2021,,,,,,
J107,Penultimate?,Penultimate?,F,P,,24/03/2021,,,,,,,,,,,,0.31451,,,,,,,0.74042,,,,6/01/2021,2155,Braithwaite Park,,,"Clear, hot, humid",Dolomedes minor,Shrub,,,,,,,,,
J108,Dead,Mature,F,P?,,22/01/2021,15/03/2021,15/04/2021,,,,,,,,,,0.26711,,,,0.30373,,,0.75373,?,0.88592,,6/01/2021,2155,Braithwaite Park,,,"Clear, hot, humid",Dolomedes minor,Shrub,,,2/08/2021,,,,,,
J109,Dead,Mature,M,J,,15/02/2021,22/03/2021,,,,,,,,,,,0.14064,,,,,,,,,,,6/01/2021,2155,Braithwaite Park,,,"Clear, hot, humid",Dolomedes minor,Shrub,,,2/06/2021,,,,,,
J110,Dead,Mature,F,P,,15/03/2021,21/04/2021,,,,,,,,,,,0.20045,,,,,,,0.52335,?,0.61502,,6/01/2021,2155,Braithwaite Park,,,"Clear, hot, humid",Dolomedes minor,Shrub,,,02/08/21 - Euthanised,,,,,,
J111,Released,Penultimate?,F,P,,15/03/2021,15/04/2021,,,,,,,,,,,0.26648,,,,,,,0.73261,,,,6/01/2021,2155,Braithwaite Park,,,"Clear, hot, humid",Dolomedes minor,Shrub,,,,,,,,,
J112,Dead,Mature,M,P,,30/03/2021,,,,,,,,,,,,0.1159,,,,,,,0.17074,,,,6/01/2021,2155,Braithwaite Park,,,"Clear, hot, humid",Dolomedes minor,Tradescantia,,,12/07/2021,,,,,,
J113,Dead,Mature,F,P,,21/05/2021,,,,,,,,,,,,0.30896,,,,,,,,,,0.93322,6/01/2021,2155,Braithwaite Park,,,"Clear, hot, humid",Dolomedes minor,Shrub,,,07/08/21 - Euthanised,,,,,,
J114,Dead,Mature,M,P,,13/01/2021,,,,,,,,,,,,0.18618,,,,,,,,,,,6/01/2021,2155,Braithwaite Park,,,"Clear, hot, humid",Dolomedes minor,Tradescantia,,,,,,,,,
J115,Juvenile,Juvenile,F,P?,,,,,,,,,,,,,,0.17497,,,,,,,,,,,6/01/2021,2155,Braithwaite Park,,,"Clear, hot, humid",Dolomedes minor,Flax,,,15/02/2021,,,,,,
J116,Dead,Mature,F,P?,,8/03/2021,30/03/2021,24/04/2021,,,,,,,,,,0.16106,,,,,,,0.43248,?,0.57909,,8/01/2021,2130,Braithwaite Park,,,"Cloudy, warm",Dolomedes minor,Shrub,,,08/08/21 - Euthanised,,,,,,
J117,Penultimate?,Penultimate?,F,P,,,,,,,,,,,,,,0.25836,,,,,,,,,,,8/01/2021,2130,Braithwaite Park,,,"Cloudy, warm",Dolomedes minor,Shrub,,,2/02/2021,,,,,,
J118,Released,Juvenile,M?,J,,11/03/2021,,,,,,,,,,,,0.10473,,,,,,,,,,,8/01/2021,2130,Braithwaite Park,,,"Cloudy, warm",Dolomedes minor,Shrub,,,,,,,,,
J119,Dead,Mature,M,P,,19/03/2021,,,,,,,,,,,,0.1519,,,,,,,0.23757,,,,8/01/2021,2130,Braithwaite Park,,,"Cloudy, warm",Dolomedes minor,Shrub,,,11/06/21 - Accidentally frozen,,,,,,
J120,Mature,Mature,M,P,,26/03/2021,2/06/2021,,,,,,,,,,,0.14986,,,,,,,0.24231,,,,8/01/2021,2130,Braithwaite Park,,,"Cloudy, warm",Dolomedes minor,Shrub,,,2/06/2021,,,,,,
J121,Dead,Mature,F,J,,15/01/2021,15/03/2021,15/04/2021,,,,,,,,,,0.22558,,,,,,,0.63971,?,0.82296,,8/01/2021,2130,Braithwaite Park,,,"Cloudy, warm",Dolomedes minor,Shrub,,,02/08/21 - Euthanised,,,,,,
J122,Dead,Mature,F,J,,15/03/2021,9/04/2021,,,,,,,,,,,0.14541,,,,,,,0.44709,?,0.59212,,8/01/2021,2130,Braithwaite Park,,,"Cloudy, warm",Dolomedes minor,Shrub,,,29/07/21 - Euthanised,,,,,,
J123,Dead,Mature,F,P,,15/03/2021,21/04/2021,,,,,,,,,,,0.29627,,,,,,,0.64675,?,0.76817,,8/01/2021,2130,Braithwaite Park,,,"Cloudy, warm",Dolomedes minor,Shrub,,Feeding,29/07/21 - Euthanised,,,,,,
J124,Dead,Mature,F,P,,5/02/2021,24/03/2021,,,,,,,,,,,0.18419,,,,0.28694,,,0.54224,,,,8/01/2021,2130,Braithwaite Park,,,"Cloudy, warm",Dolomedes minor,Shrub,,Feeding on caterpillar,02/08/21 - Euthanised,,,,,,
J125,Dead,Mature,F,P?,,15/03/2021,15/04/2021,,,,,,,,,,,0.19506,,,,,,,0.55388,?,0.67997,,8/01/2021,2130,Braithwaite Park,,,"Cloudy, warm",Dolomedes minor,Long Grass,,,29/07/21 - Euthanised,,,,,,
J126,Dead,Mature,F,P,,10/03/2021,15/04/2021,,,,,,,,,,,0.23101,,,,,,,0.61617,?,0.73192,,8/01/2021,2130,Braithwaite Park,,,"Cloudy, warm",Dolomedes minor,Long Grass,,,07/08/21 - Euthanised,,,,,,
J127,Mature,Mature,M,J,,8/03/2021,31/03/2021,,,,,,,,,,,0.16313,,,,,,,0.37931,,,,8/01/2021,2130,Braithwaite Park,,,"Cloudy, warm",Dolomedes minor,Long Grass,,,,,,,,,
J128,Penultimate,Penultimate,F,P,,15/01/2021,,,,,,,,,,,,0.22441,,,,,,,,,,,8/01/2021,2130,Braithwaite Park,,,"Cloudy, warm",Dolomedes minor,Tradescantia,,,,,,,,,
J129,Released,Juvenile,?,J,,10/03/2021,,,,,,,,,,,,0.14972,,,,,,,,,,,8/01/2021,2130,Braithwaite Park,,,"Cloudy, warm",Dolomedes minor,Long Grass,,,,,,,,,
J130,Penultimate?,Penultimate?,F,P,,15/01/2021,,,,,,,,,,,,0.27682,,,,,,,,,,,8/01/2021,2130,Braithwaite Park,,,"Cloudy, warm",Dolomedes minor,Shrub,,,,,,,,,
J131,Dead,Mature,?,J,,2/02/2021,15/03/2021,6/04/2021,19/05/2021,,,,,,,,,0.15199,,,,0.18675,,,0.53087,?,0.64495,0.78336,8/01/2021,2130,Braithwaite Park,,,"Cloudy, warm",Dolomedes minor,Long Grass,,,29/07/21 - Euthanised,,,,,,
J132,Dead,Penultimate,M,J,,5/03/2021,7/04/2021,,,,,,,,,,,0.16548,,,,,,,0.36925,?,0.31551,,8/01/2021,2130,Braithwaite Park,,,"Cloudy, warm",Dolomedes minor,Shrub,,,08/08/21 - Euthanised,,,,,,
J133,Dead,Mature,M,P,,10/03/2021,,,,,,,,,,,,0.19148,,,,,,,0.29158,,,,8/01/2021,2130,Braithwaite Park,,,"Cloudy, warm",Dolomedes minor,Long Grass,,,19/07/2021,,,,,,
J134,Dead,Mature,M,J,,3/03/2021,30/03/2021,,,,,,,,,,,0.2024,,,,0.2407,,,0.34839,,,,10/01/2021,2217,Braithwaite Park,,,"Clear, warm",Dolomedes minor,Shrub,,"Feeding, 6 legs",15/05/2021,,,,,,
J135,Dead,Mature,F,P,,25/01/2021,15/03/2021,7/05/2021,,,,,,,,,,0.26389,,,,0.3365,,,0.64548,,,1.09078,10/01/2021,2217,Braithwaite Park,,,"Clear, warm",Dolomedes minor,Shrub,,feeding,29/07/21 - Euthanised,,,,,,
J136,Released,Juvenile,M?,J,,10/03/2021,,,,,,,,,,,,0.16575,,,,,,,,,,,10/01/2021,2217,Braithwaite Park,,,"Clear, warm",Dolomedes minor,Shrub,,,,,,,,,
J137,Dead,Mature,F,P,,20/01/2021,14/04/2021,,,,,,,,,,,0.45421,,,,0.51996,,,,?,0.85435,,10/01/2021,2217,Braithwaite Park,,,"Clear, warm",Dolomedes minor,Dead fern,,,29/07/21 - Euthanised,,,,,,
J138,Dead,Mature,F,P,,25/03/2021,,,,,,,,,,,,0.35792,,,,,,,0.61172,,,,10/01/2021,2217,Braithwaite Park,,,"Clear, warm",Dolomedes minor,Tradescantia,,,19/07/2021,,,,,,
J139,Released,Juvenile,F,J,,9/03/2021,3/04/2021,,,,,,,,,,,0.13365,,,,,,,0.38328,,,,10/01/2021,2217,Braithwaite Park,,,"Clear, warm",Dolomedes minor,Shrub,,,,,,,,,
J140,Mature,Mature,M,J,,20/01/2021,,,,,,,,,,,,0.14506,,,,0.18353,,,,,,,10/01/2021,2217,Braithwaite Park,,,"Clear, warm",Dolomedes minor,Shrub,,,,,,,,,
J141,Dead,Mature,F,J,,12/03/2021,14/04/2021,4/06/2021,,,,,,,,,,0.18743,,,,,,,0.51115,?,0.6578,1.00501,10/01/2021,2217,Braithwaite Park,,,"Clear, warm",Dolomedes minor,Shrub,,,02/08/21 - Euthanised,,,,,,
J142,Released,Juvenile,F,J,,3/03/2021,7/04/2021,,,,,,,,,,,0.19873,,,,0.24587,,,0.40361,,,,10/01/2021,2217,Braithwaite Park,,,"Clear, warm",Dolomedes minor,Shrub,,,,,,,,,
J143,Released,Juvenile,M,J,,9/03/2021,,,,,,,,,,,,0.14718,,,,,,,,,,,10/01/2021,2217,Braithwaite Park,,,"Clear, warm",Dolomedes minor,Long Grass,,,,,,,,,
J144,Dead,Mature,?,J,,15/03/2021,4/05/2021,,,,,,,,,,,0.26066,,,,,,,0.57726,,,0.98733,10/01/2021,2217,Braithwaite Park,,,"Clear, warm",Dolomedes minor,Long Grass,,,26/07/21 - Euthanised,,,,,,
J145,Dead,Mature,F,P,,25/01/2021,16/04/2021,,,,,,,,,,,0.23101,,,,0.27091,,,,,0.6525,,10/01/2021,2217,Braithwaite Park,,,"Clear, warm",Dolomedes minor,Shrub,,,19/05/21 - Euthanised,,,,,,
J146,Dead,Penultimate,F,P,,15/03/2021,,,,,,,,,,,,0.34802,,,,,,,0.67661,,,,10/01/2021,2217,Braithwaite Park,,,"Clear, warm",Dolomedes minor,Shrub,,,10/05/21 - Euthanised,,,,,,
J147,Juvenile,Juvenile,M?,J,,8/03/2021,2/04/2021,,,,,,,,,,,0.17844,,,,,,,0.43886,,,,10/01/2021,2217,Braithwaite Park,,,"Clear, warm",Dolomedes minor,Shrub,,,,,,,,,
J148,Dead,Juvenile,F,J,,25/03/2021,28/04/2021,,,,,,,,,,,0.19836,,,,,,,0.51357,0.58376,,,10/01/2021,2217,Braithwaite Park,,,"Clear, warm",Dolomedes minor,Long Grass,,,29/07/21 - Euthanised,,,,,,
J149,Dead,Mature,M,P,,17/03/2021,,,,,,,,,,,,,,0.14461,,,,,0.20768,,,,14/01/2021,2217,Braithwaite Park,,,"Cloudy, hot, humid",Dolomedes minor,Shrub,,,14/06/2021,,,,,,
J150,Dead,Mature,M,P,,19/03/2021,,,,,,,,,,,,,,0.12815,,,,,0.19552,,,,14/01/2021,2217,Braithwaite Park,,,"Cloudy, hot, humid",Dolomedes minor,Shrub,,,2/06/2021,,,,,,
J151,Dead,Mature,F,J,,22/01/2021,30/03/2021,10/05/2021,,,,,,,,,,,,0.24007,,,,,0.51507,,,0.84196,14/01/2021,2217,Braithwaite Park,,,"Cloudy, hot, humid",Dolomedes minor,Flax,,,02/08/21 - Euthanised,,,,,,
J152,Juvenile,Juvenile,F?,J,,19/02/2021,30/03/2021,,,,,,,,,,,,,0.11816,,0.15754,,,0.3761,,,,14/01/2021,2217,Braithwaite Park,,,"Cloudy, hot, humid",Dolomedes minor,Shrub,,,,,,,,,
J153,Released,Juvenile,M?,J,,8/03/2021,,,,,,,,,,,,,,0.08382,,,,,,,,,14/01/2021,2217,Braithwaite Park,,,"Cloudy, hot, humid",Dolomedes minor,Shrub,,,,14/03/2021,,,,,
J154,Dead,Penultimate,M,J,,22/02/2021,6/04/2021,,,,,,,,,,,,,0.11203,,0.13262,,,,,,,14/01/2021,2217,Braithwaite Park,,,"Cloudy, hot, humid",Dolomedes minor,Shrub,,,,,,,,,
J155,Released,Juvenile,M?,J,,26/01/2021,25/03/2021,14/04/2021,,,,,,,,,,,,0.15996,,,,,0.41936,,,,14/01/2021,2217,Braithwaite Park,,,"Cloudy, hot, humid",Dolomedes minor,Shrub,,,,,,,,,
J156,Juvenile,Juvenile,?,J,,,,,,,,,,,,,,,,0.11839,,,,,,,,,14/01/2021,2217,Braithwaite Park,,,"Cloudy, hot, humid",Dolomedes minor,Shrub,,,,,,,,,
J157,Dead,Mature,F,P,,22/01/2021,,15/04/2021,,,,,,,,,,,,0.46504,,,,,,?,0.87119,,14/01/2021,2217,Braithwaite Park,,,"Cloudy, hot, humid",Dolomedes minor,Shrub,,,29/07/21 - Euthanised,,,,,,
J158,Juvenile,Juvenile,?,J,,11/02/2021,,,,,,,,,,,,,,0.11404,,0.13346,,,,,,,14/01/2021,2217,Braithwaite Park,,,"Cloudy, hot, humid",Dolomedes minor,Shrub,,,,14/03/2021,,,,,
J159,Released,Juvenile,F?,J,,15/03/2021,12/04/2021,,,,,,,,,,,,,0.19971,,,,,0.49304,,,,14/01/2021,2217,Braithwaite Park,,,"Cloudy, hot, humid",Dolomedes minor,Shrub,,,,,,,,,
J160,Juvenile,Juvenile,M?,J,,,,,,,,,,,,,,,,0.20237,,,,,,,,,14/01/2021,2217,Braithwaite Park,,,"Cloudy, hot, humid",Dolomedes minor,Shrub,,,,14/03/2021,,,,,
J161,Mature,Mature,M,P,,30/03/2021,,,,,,,,,,,,,,0.17838,,,,,0.27973,,,,14/01/2021,2217,Braithwaite Park,,,"Cloudy, hot, humid",Dolomedes minor,Long Grass,,,,,,,,,
J162,Juvenile,Juvenile,M?,J,,,,,,,,,,,,,,,,0.09433,,,,,,,,,14/01/2021,2217,Braithwaite Park,,,"Cloudy, hot, humid",Dolomedes minor,Long Grass,,,,14/03/2021,,,,,
J163,Dead,Mature,F,P,,18/01/2021,30/03/2021,19/05/2021,,,,,,,,,,,,0.3249,,,,,0.58927,,,0.91502,14/01/2021,2217,Braithwaite Park,,,"Cloudy, hot, humid",Dolomedes minor,Long Grass,,,29/07/21 - Euthanised,,,,,,
J164,Juvenile,Juvenile,F,J,,26/01/2021,,,,,,,,,,,,,,0.21411,,,,,,,,,14/01/2021,2217,Braithwaite Park,,,"Cloudy, hot, humid",Dolomedes minor,Long Grass,,,,14/03/2021,,,,,
J165,Mature,Mature,M,P,,30/03/2021,,,,,,,,,,,,,,0.0974,,,,,0.15741,,,,14/01/2021,2217,Braithwaite Park,,,"Cloudy, hot, humid",Dolomedes minor,Bush,,,,,,,,,
J166,Dead,Mature,M,P,,2/04/2021,,,,,,,,,,,,,,0.19947,,,,,,,,,14/01/2021,2217,Braithwaite Park,,,"Cloudy, hot, humid",Dolomedes minor,Shrub,,,,,,,,,
J167,Dead,Penultimate,M,P,,14/04/2021,,,,,,,,,,,,,,0.22398,,,,,,,,,14/01/2021,2217,Braithwaite Park,,,"Cloudy, hot, humid",Dolomedes minor,Shrub,,,,,,,,,
J168,Mature,Mature,M,P,,30/03/2021,,,,,,,,,,,,,,,,0.10977,,,0.14838,,,,26/02/2021,2211,Braithwaite Park,,,"Clear, Warm",Dolomedes minor,Shrub,,,,,,,,,
J169,Dead,Mature,M,P,,3/03/2021,,,,,,,,,,,,,,,,0.2046,,,,,,,26/02/2021,2211,Braithwaite Park,,,"Clear, Warm",Dolomedes minor,Shrub,,,25/03/2021,,,,,,
J170,Dead,Mature,F,P,,15/03/2021,9/04/2021,15/06/2021,,,,,,,,,,,,,,0.24193,,,0.62606,?,0.67056,0.76888,26/02/2021,2211,Braithwaite Park,,,"Clear, Warm",Dolomedes minor,Shrub,,,02/08/21 - Euthanised,,,,,,
J171,Dead,Juvenile,F,P,,12/03/2021,7/04/2021,,,,,,,,,,,,,,,0.34211,,,0.80117,,,,26/02/2021,2211,Braithwaite Park,,,"Clear, Warm",Dolomedes minor,Shrub,,,,,,,,,
J172,Mature,Mature,M,P,,15/03/2021,,,,,,,,,,,,,,,,0.18861,,,0.20831,,,,26/02/2021,2211,Braithwaite Park,,,"Clear, Warm",Dolomedes minor,Shrub,,,,,,,,,
J173,Dead,Penultimate,M,P,,5/03/2021,,,,,,,,,,,,,,,,0.19449,,,,,,,26/02/2021,2211,Braithwaite Park,,,"Clear, Warm",Dolomedes minor,Shrub,,,31/03/2021,,,,,,
J174,Dead,Penultimate,M,P,,,,,,,,,,,,,,,,,,0.11883,,,,,,,26/02/2021,2211,Braithwaite Park,,,"Clear, Warm",Dolomedes minor,Shrub,,,,,,,,,
J175,Mature,Mature,M,P,,30/03/2021,,,,,,,,,,,,,,,,0.12051,,,0.19606,,,,26/02/2021,2211,Braithwaite Park,,,"Clear, Warm",Dolomedes minor,Shrub,,,,,,,,,
J176,Dead,Mature,F,P,,22/03/2021,,,,,,,,,,,,,,,,0.4525,,,0.71734,,,,26/02/2021,2211,Braithwaite Park,,,"Clear, Warm",Dolomedes minor,Flax,,,02/08/21 - Euthanised,,29/07/21 - infertile?,,,,
J177,Dead,Mature,F,P,,15/03/2021,7/05/2021,,,,,,,,,,,,,,,0.43522,,,0.66683,,,1.21504,26/02/2021,2211,Braithwaite Park,,,"Clear, Warm",Dolomedes minor,Flax,,,11/08/21 - Euthanised,,,,,,
J178,Dead,Penultimate,M,P,,15/03/2021,,,,,,,,,,,,,,,,0.19337,,,,,,,26/02/2021,2211,Braithwaite Park,,,"Clear, Warm",Dolomedes minor,Shrub,,,,,,,,,
J179,Dead,Mature,F,P,,15/04/2021,,,,,,,,,,,,,,,,0.64444,,,,,0.98968,,26/02/2021,2211,Braithwaite Park,,,"Clear, Warm",Dolomedes minor,Grass,,,07/08/21 - Euthanised,,,,,,
J180,Mature,Mature,M,P,,5/03/2021,,,,,,,,,,,,,,,,0.28884,,,0.27424,,,,26/02/2021,2211,Braithwaite Park,,,"Clear, Warm",Dolomedes minor,Long Grass,,,,,,,,,
J181,Dead,Juvenile,F,P?,,2/04/2021,,,,,,,,,,,,,,,,0.26392,,,,,,,26/02/2021,2211,Braithwaite Park,,,"Clear, Warm",Dolomedes minor,Long Grass,,,,,,,,,
J182,Dead,Mature,F,P?,,15/04/2021,,,,,,,,,,,,,,,,,,,0.76098,,0.78176,,10/03/2021,2100,Braithwaite Park,,,"Cool, showers",Dolomedes minor,Shrub,,,29/07/21 - Euthanised,,,,,,
J183,Dead,Mature,F,P?,,15/04/2021,2/06/2021,,,,,,,,,,,,,,,,,,0.45399,?,0.56179,0.79077,10/03/2021,2100,Braithwaite Park,,,"Cool, showers",Dolomedes minor,Shrub,,,02/08/21 - Euthanised,,,,,,
J184,Dead,Juvenile,F,P?,,19/03/2021,,,,,,,,,,,,,,,,,,,0.84771,,,,,,Braithwaite Park,,,"Cool, showers",Dolomedes minor,Shrub,,,02/08/21 - Euthanised,,,,,,
J185,Dead,Juvenile,F,P?,,22/03/2021,30/03/2021,,,,,,,,,,,,,,,,,,0.83662,,,,,,Braithwaite Park,,,,Dolomedes minor,,,,02/08/21 - Euthanised,,,,,,
J186,Dead,Mature,F,P?,,,,,,,,,,,,,,,,,,,,,0.63063,,,0.85523,,,Braithwaite Park,,,,Dolomedes minor,,,,29/07/21 - Euthanised,,,,,,
J187,Dead,Juvenile,F,P?,,19/03/2021,,,,,,,,,,,,,,,,,,,0.72014,,,,,,Braithwaite Park,,,,Dolomedes minor,,,,02/08/21 - Euthanised,,,,,,
J188,Dead,Juvenile,F,P?,,22/03/2021,,,,,,,,,,,,,,,,,,,0.64149,,,,,,Braithwaite Park,,,,Dolomedes minor,,,,29/07/21 - Euthanised,,,,,,
J189,Dead,Mature,F,P?,,15/04/2021,,,,,,,,,,,,,,,,,,,0.58348,?,0.64018,,,,Braithwaite Park,,,,Dolomedes minor,,,,26/07/21 - Euthanised,,,,,,
J190,Dead,Mature,F,P?,,15/04/2021,,,,,,,,,,,,,,,,,,,0.69693,?,0.762,,,,Braithwaite Park,,,,Dolomedes minor,,,,26/07/21 - Euthanised,,,,,,
J191,Dead,Mature,F,P?,,3/04/2021,,,,,,,,,,,,,,,,,,,0.60349,?,0.62566,,,,Braithwaite Park,,,,Dolomedes minor,,,,26/07/21 - Euthanised,,,,,,
J192,Dead,Juvenile,F,P?,,23/03/2021,,,,,,,,,,,,,,,,,,,0.75256,,,,,,Braithwaite Park,,,,Dolomedes minor,,,,29/07/21 - Euthanised,,,,,,
J193,Dead,Mature,F,P?,,25/03/2021,,,,,,,,,,,,,,,,,,,0.55829,,,,12/03/2021,2224,Braithwaite Park,,,"Warm, clear",Dolomedes minor,Tradescantia,,,28/06/2021,,,,,,
J194,Dead,Penultimate,F,P?,,14/04/2021,,,,,,,,,,,,,,,,,,,0.61686,,,,12/03/2021,2224,Braithwaite Park,,,"Warm, clear",Dolomedes minor,Shrub,,,,,,,,,
J195,Dead,Mature,F,P?,,22/03/2021,14/04/2021,,,,,,,,,,,,,,,,,,0.62006,?,0.78164,,13/03/2021,2130,Braithwaite Park,,,"Cool, clear",Dolomedes minor,Long grass,,,02/08/21 - Euthanised,,,,,,
J196,Dead,Mature,F,P?,,30/03/2021,28/04/2021,3/06/2021,,,,,,,,,,,,,,,,,0.42058,?,0.58769,0.77913,13/03/2021,2130,Braithwaite Park,,,"Cool, clear",Dolomedes minor,Long grass,,,02/08/21 - Euthanised,,,,,,
J197,Dead,Mature,F,P?,,6/04/2021,,,,,,,,,,,,,,,,,,,0.5538,?,0.62134,,13/03/2021,2130,Braithwaite Park,,,"Cool, clear",Dolomedes minor,Flax,,,29/07/21 - Euthanised,,,,,,
J198,Dead,Mature,F,P?,,,,,,,,,,,,,,,,,,,,,0.7224,,,0.99025,13/03/2021,2130,Braithwaite Park,,,"Cool, clear",Dolomedes minor,Tradescantia,,,02/08/21 - Euthanised,,,,,,
J199,Dead,Mature,F,P?,,26/03/2021,24/04/2021,,,,,,,,,,,,,,,,,,0.53085,?,0.65502,,13/03/2021,2130,Braithwaite Park,,,"Cool, clear",Dolomedes minor,Shrub,,,10/08/21 - Euthanised,,,,,,
J200,Dead,Mature,F,P?,,7/04/2021,,,,,,,,,,,,,,,,,,,0.5855,?,0.64416,,13/03/2021,2130,Braithwaite Park,,,"Cool, clear",Dolomedes minor,Long grass,,,08/08/21 - Euthanised,,,,,,
J201,Dead,Mature,F,P,,25/03/2021,19/04/2021,2/06/2021,,,,,,,,,,,,,,,,,0.49472,?,0.68517,0.98986,13/03/2021,2130,Braithwaite Park,,,"Cool, clear",Dolomedes minor,Long grass,,,08/08/21 - Euthanised,,,,,,
J202,Dead,Mature,F,P,,,,,,,,,,,,,,,,,,,,,0.64181,,,0.88987,13/03/2021,2130,Braithwaite Park,,,"Cool, clear",Dolomedes minor,Tradescantia,,,29/07/21 - Euthanised,,,,,,
J203,Dead,Mature,M,P,T,21/04/2021,,,,,,,,,,,,,,,,,,,,?,0.27362,,12/04/2021,2030,Braithewaite Park,,,"Overcast, cool",Dolomedes minor,Shrub,,,02/08/21 - Euthanised,,,,,,
J204,Mature,Mature,M,P,T,28/04/2021,,,,,,,,,,,,,,,,,,,,?,0.19111,,12/04/2021,2030,Braithewaite Park,,,"Overcast, cool",Dolomedes minor,Long grass,,,,,,,,,
J205,Dead,Mature,M,P,T,28/05/2021,,,,,,,,,,,,,,,,,,,,,0.16677,,12/04/2021,2030,Braithewaite Park,,,"Overcast, cool",Dolomedes minor,Shrub,,,15/06/2021,,,,,,
J206,Dead,Mature,M,P,T,28/04/2021,,,,,,,,,,,,,,,,,,,,??,0.2077,,12/04/2021,2030,Braithewaite Park,,,"Overcast, cool",Dolomedes minor,Shrub,,,09/06/21 - accidentally frozen,,,,,,
J207,Dead,Mature,M,P,T,21/04/2021,,,,,,,,,,,,,,,,,,,,,,,12/04/2021,2030,Braithewaite Park,,,"Overcast, cool",Dolomedes minor,Shrub,,,,,,,,,
J208,Dead,Mature,M,P,T,28/04/2021,,,,,,,,,,,,,,,,,,,,0.15207,,,12/04/2021,2030,Braithewaite Park,,,"Overcast, cool",Dolomedes minor,Long grass,,,23/07/2021,,,,,,
J209,Dead,,M,P,T,5/05/2021,,,,,,,,,,,,,,,,,,,,,0.1259,,12/04/2021,2030,Braithewaite Park,,,"Overcast, cool",Dolomedes minor,Flax,,,2/06/2021,,,,,,
J210,Mature,Mature,M,P,T,2/06/2021,,,,,,,,,,,,,,,,,,,,,0.1368,0.19281,18/04/2021,2146,Braithewaite Park,,,"Overcast, cool",Dolomedes minor,Long grass,,,,,,,,,
J211,Dead,Mature,M,P,T,25/05/2021,,,,,,,,,,,,,,,,,,,,,0.19553,,18/04/2021,2146,Braithewaite Park,,,"Overcast, cool",Dolomedes minor,Flax,,,14/06/2021,,,,,,
J212,Dead,Mature,M,P,T,21/05/2021,,,,,,,,,,,,,,,,,,,,,0.17575,0.23666,22/04/2021,100,Braithewaite Park,,,"Cloudy, Mild",Dolomedes minor,Shrub,,,19/07/2021,,,,,,
J213,,,M,P,T,,,,,,,,,,,,,,,,,,,,,,0.15001,,22/04/2021,100,Braithewaite Park,,,"Cloudy, Mild",Dolomedes minor,dead plants,,,03/06/21 - failed moult,,,,,,
J214,Dead,,M,P,T,5/05/2021,,,,,,,,,,,,,,,,,,,,,0.11602,,24/04/2021,100,Braithewaite Park,,,"Clear, mild, following showers",Dolomedes minor,Shrub,,,1/08/2021,,,,,,
J215,Dead,,M,P,T,,,,,,,,,,,,,,,,,,,,,,0.15488,,24/04/2021,2222,Braithewaite Park,,,"Clear, mild, following showers",Dolomedes minor,Conifer,,,08/08/21 - Euthanised,,,,,,
J216,Dead,Mature,M,P,T,24/05/2021,,,,,,,,,,,,,,,,,,,,,0.13974,,24/04/2021,2222,Braithewaite Park,,,"Clear, mild, following showers",Dolomedes minor,Tradescantia,,,18/06/21 - delayed effect of female bite,,,,,,
WRD1,Dead,Mature,M,P?,,,,,,,,,,,,,,,,,,,,,,,,,17/11/2020,2135,Woodside Road Bridge,,,Cold and windy,Dolomedes aquaticus,Rocks,1.5,,14/12/2020,,,,,,
WRD2,Dead,Mature,M,P?,,,,,,,,,,,,,0.30829,,,,,,,,,,,,17/11/2020,2135,Woodside Road Bridge,,,Cold and windy,Dolomedes aquaticus,Plant,2,on same plant,13/01/2021,,,,,,
WRD3,Dead,Mature,M,P?,,,,,,,,,,,,,0.35791,,,,,,,,,,,,17/11/2020,2135,Woodside Road Bridge,,,Cold and windy,Dolomedes aquaticus,Plant,2,on same plant,1/01/2021,,,,,,
WRD4,Dead,Mature,M,P?,,,,,,,,,,,,,,,,,,,,,,,,,17/11/2020,2135,Woodside Road Bridge,,,Cold and windy,Dolomedes aquaticus,Plant,2,on same plant,30/11/20 - Killed by NZ Post,,,,,,
WRD5,Dead,?,M,P?,,,,,,,,,,,,,,,,,,,,,,,,,17/11/2020,2135,Woodside Road Bridge,,,Cold and windy,Dolomedes aquaticus,Plant,2,on same plant,30/11/20 - Killed by NZ Post,,,,,,
WRD6,Dead,Mature,M,P?,,,,,,,,,,,,,,,,,,,,,,,,,17/11/2020,2135,Woodside Road Bridge,,,Cold and windy,Dolomedes aquaticus,Grass,2,,30/11/20 - Killed by NZ Post,,,,,,
WRD7,Dead,Penultimate,M,P,,,,,,,,,,,,,0.1672,,,,,,,,,,,,17/11/2020,2135,Woodside Road Bridge,,,Cold and windy,Dolomedes aquaticus,Rocks,9,,28/01/2021,,,,,,
WRD8,Dead,Mature,M,P,,30/11/2020,,,,,,,,,,,,,,,,,,,,,,,17/11/2020,2135,Woodside Road Bridge,,,Cold and windy,Dolomedes aquaticus,Rocks,3.5,,9/12/2020,,,,,,
WRD9,Dead,Juvenile,F?,J?,,,,,,,,,,,,,,,,,,,,,,,,,17/11/2020,2135,Woodside Road Bridge,,,Cold and windy,Dolomedes minor ?,Grass,8.5,,30/11/20 - Killed by NZ Post,,,,,,
WRD10,Dead,Mature,M,P,,,,,,,,,,,,,,,,,,,,,,,,,17/11/2020,2135,Woodside Road Bridge,,,Cold and windy,Dolomedes aquaticus,Rocks,3,,30/11/20 - Killed by NZ Post,,,,,,
WRD11,Dead,Juvenile,F,P,,,,,,,,,,,,,,,,,,,,,,,,,17/11/2020,2135,Woodside Road Bridge,,,Cold and windy,Dolomedes aquaticus,Rocks,1,,30/11/20 - Killed by NZ Post,,,,,,
WRD12,Dead,Juvenile,F,P,,,,,,,,,,,,,,,,,,,,,,,,,17/11/2020,2135,Woodside Road Bridge,,,Cold and windy,Dolomedes aquaticus,Grass,7.5,,30/11/20 - Killed by NZ Post,,,,,,
WRD13,Dead,Penultimate,F,P,,,,,,,,,,,,,,,,,,,,,,,,,17/11/2020,2135,Woodside Road Bridge,,,Cold and windy,Dolomedes aquaticus,Rocks,4.3,,30/11/20 - Killed by NZ Post,,,,,,
WRD14,Dead,Mature,M,M,,,,,,,,,,,,,,,,,,,,,,,,,17/11/2020,2135,Woodside Road Bridge,,,Cold and windy,Dolomedes aquaticus,Plant,2.5,On leaf of plant,30/11/20 - Killed by NZ Post,,,,,,
WRD15,Dead,Mature,M,M,,,,,,,,,,,,,,,,,,,,,,,,,17/11/2020,2135,Woodside Road Bridge,,,Cold and windy,Dolomedes aquaticus,Rocks,1.2,,30/11/20 - Killed by NZ Post,,,,,,
