"","experiment","Female","Male","Female.species","Male.species","Species.cross","Date","Narration.ID","Experiment.ended.early..T.F.","Reason.early.end","Notes","Mesh.design","Two.Cameras..T.F.","Female.left.overnight","Backed.up.on.University.server","X","lag.period.duration","number.of.attacks","number.of.recoils","number.of.flees","number.of.courtships","total.courtship.duration","mean.courtship.length","number.of.mounts","total.mount.duration","mean.mount.length","copulation","copulation.pedipalps.used","duration.of.left.copulation","duration.of.right.copulation","attempted.copulation","attempt.pedipalps.used","pre.copulatory.kill","post.copulatory.kill","cannibalism","duration.of.trial","trial.cut.short","latency.to.attack","latency.to.mount","latency.to.touch","latency.to.copulate","uneventful","complete","malematedbefore","femalematedbefore"
"2","Attempt 01 G06 x G03","G06","G03","Dolomedes minor","Dolomedes minor","minor x minor",2021-03-17,"Only Trial",FALSE,"Na","Male does seem to make contact with epigyne using left palp, check emboli","Basic",TRUE,"F",TRUE,2,277.993,3,0,6,12,17025.181,1418.76508333333,11,12398.753,1127.15936363636,FALSE,NA,NA,NA,TRUE,"left",FALSE,FALSE,FALSE,18953.28,FALSE,292.978,3997.57,2552.553,NA,FALSE,TRUE,FALSE,FALSE
"3","Attempt 02 G28 x J03","G28","J03","Dolomedes minor","Dolomedes minor","minor x minor",2021-03-22,"Only Trial",FALSE,"Na","Female made kill despite trial length","Basic",TRUE,"F",TRUE,3,5529.648,0,0,3,5,8805.58,1761.116,7,5024.757,717.822428571428,TRUE,"left",0.139999999999418,NA,TRUE,"left",FALSE,TRUE,TRUE,15407.188,FALSE,NA,7310.86,5682.213,14535.914,FALSE,TRUE,FALSE,FALSE
"4","Attempt 03 H36 x J43","H36","J43","Dolomedes minor","Dolomedes minor","minor x minor",2021-03-24,"Only Trial",TRUE,"Kill","","Basic",TRUE,"F",TRUE,4,NA,0,0,0,0,0,0,0,0,0,FALSE,NA,NA,NA,FALSE,NA,TRUE,FALSE,FALSE,975.84,TRUE,NA,NA,NA,NA,FALSE,TRUE,FALSE,FALSE
"5","Attempt 04 J193 x G11","J193","G11","Dolomedes minor","Dolomedes minor","minor x minor",2021-03-26,"White Mesh Trial",FALSE,"Na","","Basic",TRUE,"F",TRUE,5,637,1,0,2,1,272.693,272.693,0,0,0,FALSE,NA,NA,NA,FALSE,NA,FALSE,FALSE,FALSE,14466.72,FALSE,2758.511,NA,NA,NA,FALSE,TRUE,FALSE,FALSE
"6","Attempt 05 J138 x H35","J138","H35","Dolomedes minor","Dolomedes minor","minor x minor",2021-03-26,"Black mesh Trial",TRUE,"Female Aggression","","Basic",TRUE,"F",TRUE,6,8704.149,4,1,5,4,3404.258,851.0645,1,3.49599999999919,3.49599999999919,FALSE,NA,NA,NA,FALSE,NA,FALSE,FALSE,FALSE,14316,TRUE,6063.689,14179.334,10935.717,NA,FALSE,TRUE,FALSE,FALSE
"7","Attempt 06 J124 x G11","J124","G11","Dolomedes minor","Dolomedes minor","minor x minor",2021-03-30,"Black mesh Trial",FALSE,"Na","","Basic",TRUE,"F",TRUE,7,NA,0,0,1,0,0,0,0,0,0,FALSE,NA,NA,NA,FALSE,NA,FALSE,FALSE,FALSE,14487.84,FALSE,NA,NA,NA,NA,FALSE,TRUE,FALSE,FALSE
"8","Attempt 07 H63 x H35","H63","H35","Dolomedes minor","Dolomedes minor","minor x minor",2021-03-30,"White Mesh Trial",FALSE,"Na","","Basic",TRUE,"F",TRUE,8,631.214,1,0,1,1,3427.022,3427.022,0,0,0,FALSE,NA,NA,NA,FALSE,NA,FALSE,FALSE,FALSE,14500.32,FALSE,4055.181,NA,NA,NA,FALSE,TRUE,FALSE,FALSE
"9","Attempt 08 G28 x G24","G28","G24","Dolomedes minor","Dolomedes minor","minor x minor",2021-04-01,"White Mesh Trial",FALSE,"Na","","Basic",TRUE,"F",FALSE,9,NA,0,0,0,0,0,0,0,0,0,FALSE,NA,NA,NA,FALSE,NA,FALSE,FALSE,FALSE,14496,FALSE,NA,NA,NA,NA,TRUE,TRUE,FALSE,TRUE
"10","Attempt 09 H36 x H27","H36","H27","Dolomedes minor","Dolomedes minor","minor x minor",2021-04-01,"Black mesh Trial",FALSE,"Na","","Basic",TRUE,"F",TRUE,10,2895.13,2,0,4,6,3856.985,642.830833333333,9,2719.904,302.211555555556,FALSE,NA,NA,NA,TRUE,"both",FALSE,FALSE,FALSE,14468.16,FALSE,4808.654,2971.038,2969.484,NA,FALSE,TRUE,FALSE,FALSE
"11","Attempt 10 G29 x J114","G29","J114","Dolomedes minor","Dolomedes minor","minor x minor",2021-04-02,"White Mesh Trial",TRUE,"Kill","","Basic",TRUE,"F",TRUE,11,325.836,0,0,0,1,1083.803,1083.803,0,0,0,FALSE,NA,NA,NA,FALSE,NA,TRUE,FALSE,FALSE,1452,TRUE,NA,NA,NA,NA,FALSE,TRUE,FALSE,FALSE
"12","Attempt 11 G06 x J79","G06","J79","Dolomedes minor","Dolomedes minor","minor x minor",2021-04-02,"Black mesh Trial",FALSE,"Na","Camera 1-2 file corrupted, trial extended","Basic",TRUE,"F",TRUE,12,11074.716,0,0,6,14,14030.803,1002.20021428571,20,12869.318,643.4659,FALSE,NA,NA,NA,TRUE,"left",FALSE,FALSE,FALSE,25314.72,FALSE,NA,11619.154,11098.806,NA,FALSE,TRUE,FALSE,FALSE
"13","Attempt 12 J187 x J133","J187","J133","Dolomedes minor","Dolomedes minor","minor x minor",2021-04-12,"White Mesh Trial",TRUE,"Female Aggression","Female nearly made kill","Basic",TRUE,"F",TRUE,13,31.427,5,0,8,7,2300.507,328.643857142857,8,541.801,67.725125,FALSE,NA,NA,NA,TRUE,"right",FALSE,FALSE,FALSE,10684.8,TRUE,286.974,2776.026,2666.747,NA,FALSE,TRUE,FALSE,FALSE
"14","Attempt 13 J192 x J127","J192","J127","Dolomedes minor","Dolomedes minor","minor x minor",2021-04-12,"Black mesh Trial",FALSE,"Na","","Basic",TRUE,"F",TRUE,14,NA,1,0,1,0,0,0,0,0,0,FALSE,NA,NA,NA,FALSE,NA,FALSE,FALSE,FALSE,14416.8,FALSE,NA,NA,NA,NA,FALSE,TRUE,FALSE,FALSE
"15","Attempt 14 J176 x J180","J176","J180","Dolomedes minor","Dolomedes minor","minor x minor",2021-04-14,"White Mesh Trial",FALSE,"Na","","Basic",TRUE,"F",TRUE,15,NA,1,0,1,0,0,0,0,0,0,FALSE,NA,NA,NA,FALSE,NA,FALSE,FALSE,FALSE,14519.04,FALSE,NA,NA,NA,NA,FALSE,TRUE,FALSE,FALSE
"16","Attempt 15 J184 x H56","J184","H56","Dolomedes minor","Dolomedes minor","minor x minor",2021-04-14,"Black mesh Trial",TRUE,"Female Aggression","","Basic",TRUE,"F",TRUE,16,4304.982,2,0,2,1,16.0820000000003,16.0820000000003,0,0,0,FALSE,NA,NA,NA,FALSE,NA,FALSE,FALSE,FALSE,4629.6,TRUE,4318.054,NA,NA,NA,FALSE,TRUE,FALSE,FALSE
"17","Attempt 16 H62 x H37","H62","H37","Dolomedes minor","Dolomedes minor","minor x minor",2021-04-20,"Black mesh Trial",TRUE,"","","Basic",TRUE,"T",TRUE,17,612.132,2,0,2,3,7264.068,2421.356,2,3164.023,1582.0115,FALSE,NA,NA,NA,TRUE,"both",FALSE,FALSE,FALSE,14390.4,TRUE,2123.52,1323.367,1070.85,NA,FALSE,TRUE,FALSE,FALSE
"18","Attempt 17 J138 x G11","J138","G11","Dolomedes minor","Dolomedes minor","minor x minor",2021-04-20,"White Mesh Trial",TRUE,"Kill","","Basic",TRUE,"T",TRUE,18,NA,1,0,1,0,0,0,0,0,0,FALSE,NA,NA,NA,FALSE,NA,TRUE,FALSE,FALSE,815.04,TRUE,NA,NA,NA,NA,FALSE,TRUE,FALSE,FALSE
"19","Attempt 18 G29 x J149","G29","J149","Dolomedes minor","Dolomedes minor","minor x minor",2021-04-22,"1",FALSE,"Na","","Sloped",TRUE,"T",TRUE,19,920.356,3,0,3,1,15,15,0,0,0,FALSE,NA,NA,NA,FALSE,NA,FALSE,FALSE,FALSE,14513.76,FALSE,933.104,NA,NA,NA,FALSE,TRUE,FALSE,FALSE
"20","Attempt 19 H36 x J119","H36","J119","Dolomedes minor","Dolomedes minor","minor x minor",2021-04-22,"2",FALSE,"Na","Camera 1 (C0001) corrupted","Sloped",TRUE,"T",TRUE,20,2606.443,0,0,5,7,5419.372,774.196,7,3370.271,481.467285714286,FALSE,NA,NA,NA,TRUE,"right",FALSE,FALSE,FALSE,14447.04,FALSE,NA,3692.928,2702.718,NA,FALSE,TRUE,FALSE,FALSE
"21","Attempt 20 J187 x J161","J187","J161","Dolomedes minor","Dolomedes minor","minor x minor",2021-04-23,"1",FALSE,"Na","Run overnight needs to be combined","Sloped",TRUE,"T",TRUE,21,2670.449,1,0,7,9,35289.91,3921.10111111111,18,23615.499,1311.97216666667,FALSE,NA,NA,NA,TRUE,"left",FALSE,FALSE,FALSE,62360.24,FALSE,10801.637,3393.389,3108.342,NA,FALSE,TRUE,FALSE,FALSE
"22","Attempt 22 J148 x J208","J148","J208","Dolomedes minor","Dolomedes minor","minor x minor",2021-04-29,"1",FALSE,"Na","Tradescantia used","Sloped",TRUE,"Na",FALSE,22,NA,0,0,0,0,0,0,0,0,0,FALSE,NA,NA,NA,FALSE,NA,FALSE,FALSE,FALSE,14536.8,FALSE,NA,NA,NA,NA,TRUE,TRUE,FALSE,FALSE
"23","Attempt 23 J192 x J132","J192","J132","Dolomedes minor","Dolomedes minor","minor x minor",2021-04-30,"1",FALSE,"Na","Tradescantia used","Sloped",TRUE,"Na",TRUE,23,1367.902,0,0,4,3,4755.242,1585.08066666667,7,3058.292,436.898857142857,FALSE,NA,NA,NA,TRUE,"both",FALSE,FALSE,FALSE,14505.6,FALSE,NA,1692.839,1371.964,NA,FALSE,TRUE,FALSE,FALSE
"24","Attempt 24 J185 x G16","J185","G16","Dolomedes minor","Dolomedes minor","minor x minor",2021-04-30,"2",FALSE,"Na","Tradescantia used","Sloped",TRUE,"Na",TRUE,24,5475.322,0,0,9,12,8557.491,713.12425,22,5073.959,230.6345,FALSE,NA,NA,NA,FALSE,NA,TRUE,FALSE,FALSE,14502.72,FALSE,NA,5823.857,5667.985,NA,FALSE,TRUE,FALSE,FALSE
"25","Attempt 25 J199 x J180","J199","J180","Dolomedes minor","Dolomedes minor","minor x minor",2021-05-05,"1",FALSE,"Na","Tradescantia used","Top mesh",TRUE,"Na",TRUE,25,NA,3,0,3,0,0,0,0,0,0,FALSE,NA,NA,NA,FALSE,NA,FALSE,FALSE,FALSE,14556.48,FALSE,NA,NA,NA,NA,FALSE,TRUE,FALSE,FALSE
"26","Attempt 26 J200 x J134","J200","J134","Dolomedes minor","Dolomedes minor","minor x minor",2021-05-05,"2",FALSE,"Na","Tradescantia used","Top mesh",TRUE,"Na",TRUE,27,480.19,2,0,3,3,3273.622,1091.20733333333,5,773.641000000001,154.7282,FALSE,NA,NA,NA,TRUE,"both",FALSE,FALSE,FALSE,14482.56,FALSE,3085.36,2235.512,1752.577,NA,FALSE,TRUE,FALSE,FALSE
"27","Attempt 27 J195 x G13","J195","G13","Dolomedes minor","Dolomedes minor","minor x minor",2021-05-07,"1",FALSE,"Na","Camera 2-1 corrupted","Top mesh",TRUE,"T",TRUE,29,108.843,2,0,3,2,4009.876,2004.938,5,2999.195,599.839,FALSE,NA,NA,NA,TRUE,"both",FALSE,FALSE,FALSE,14532,FALSE,1336.488,630.433,398.873,NA,FALSE,TRUE,FALSE,FALSE
"81","Set #01 Focals J191 x J68","J191","J68","Dolomedes minor","Dolomedes minor","minor x minor",2021-05-07,"",FALSE,"Na","","Top mesh",TRUE,"T",TRUE,85,2904.655,1,0,5,4,6430.003,1607.50075,14,5013.094,358.078142857143,TRUE,"left",1.5010000000002,NA,TRUE,"both",FALSE,FALSE,FALSE,14460,FALSE,9461.758,3255.685,3108.033,9460.377,FALSE,TRUE,FALSE,FALSE
"28","Attempt 28 J179 x J140","J179","J140","Dolomedes minor","Dolomedes minor","minor x minor",2021-05-11,"1",FALSE,"Na","","Top mesh",TRUE,"T",TRUE,31,3253.703,0,0,3,4,10401.875,2600.46875,31,6018.614,194.148838709677,FALSE,NA,NA,NA,FALSE,NA,FALSE,FALSE,FALSE,14511.84,FALSE,NA,5053.091,4742.133,NA,FALSE,TRUE,FALSE,FALSE
"88","Set #02 Focals J190 x J42","J190","J42","Dolomedes minor","Dolomedes minor","minor x minor",2021-05-11,"2",TRUE,"Kill","Based copulation duration off when male originallt stops moving. Male remains with palp inserted for a long time post mortum. This is noted with a Bookmark","Top mesh",TRUE,"T",TRUE,92,665.758,2,0,2,3,2707.959,902.653,5,1250.585,250.117,TRUE,"left",19.4249999999997,NA,TRUE,"both",FALSE,TRUE,TRUE,5024.64,TRUE,1617.996,1059.066,958.758,3539.866,FALSE,TRUE,FALSE,FALSE
"79","Set #01 Focal J191 x Non-focal J109","J191","J109","Dolomedes minor","Dolomedes minor","minor x minor",2021-05-13,"Only Trial",FALSE,"Na","Trialling high speed capture, unsure of date: after 07/05, but likely before 15/05, date inferred from earliest modication date in files 13/05. Not 100% sure of pedipalp used for copulation, seems like left, but at the time I noted right","Top mesh",TRUE,"T",TRUE,83,2915.064,0,6,0,9,6398.395,710.932777777778,7,2402.181,343.168714285715,TRUE,"left",3.51299999999901,NA,TRUE,"both",FALSE,FALSE,FALSE,14533.92,FALSE,NA,8691.95,5528.412,11996.346,FALSE,TRUE,FALSE,TRUE
"82","Set #01 Non-focal J145 x Focal J68","J145","J68","Dolomedes minor","Dolomedes minor","minor x minor",2021-05-15,"2",TRUE,"Kill","","Top mesh",TRUE,"T",TRUE,86,242.422,1,1,0,8,5131.408,641.426,13,3653.63,281.048461538461,TRUE,"right",NA,0.3700000000008,TRUE,"right",FALSE,TRUE,TRUE,5919.84,TRUE,1944.866,836.381,643.399,5664.574,FALSE,TRUE,TRUE,FALSE
"77","Set #01 Focal J191 x Non-focal G16","J191","G16","Dolomedes minor","Dolomedes minor","minor x minor",2021-05-18,"2",FALSE,"Na","Trialling high speed capture","Top mesh",TRUE,"T",TRUE,81,3407.768,1,0,1,1,115.601,115.601,0,0,0,FALSE,NA,NA,NA,FALSE,NA,FALSE,FALSE,FALSE,14554.56,FALSE,3516.579,NA,NA,NA,FALSE,TRUE,FALSE,TRUE
"83","Set #01.5 Focal Male J109 Non- Focal H60 x Focal J109","H60","J109","Dolomedes minor","Dolomedes minor","minor x minor",2021-05-20,"2",FALSE,"Na","","Top mesh",TRUE,"T",TRUE,87,1843.131,1,0,1,4,12054.01,3013.5025,5,9629.476,1925.8952,TRUE,"right",NA,0.320000000000164,FALSE,NA,FALSE,FALSE,FALSE,14536.32,FALSE,3499.211,2372.556,2253.618,3498.891,FALSE,TRUE,TRUE,FALSE
"86","Set #02 Focal J190 x Non-focal J150","J190","J150","Dolomedes minor","Dolomedes minor","minor x minor",2021-05-20,"1",FALSE,"Na","","Top mesh",TRUE,"T",TRUE,90,10323.519,2,1,7,3,1712.052,570.684,0,0,0,FALSE,NA,NA,NA,FALSE,NA,FALSE,FALSE,FALSE,14494.56,FALSE,11931.444,NA,11575.422,NA,FALSE,TRUE,FALSE,TRUE
"30","Attempt 31 J182 x J133","J182","J133","Dolomedes minor","Dolomedes minor","minor x minor",2021-05-21,"1",FALSE,"Na","","Top mesh",TRUE,"T",FALSE,33,NA,0,0,0,0,0,0,0,0,0,FALSE,NA,NA,NA,FALSE,NA,FALSE,FALSE,FALSE,14472.96,FALSE,NA,NA,NA,NA,TRUE,TRUE,FALSE,FALSE
"92","Set #03 Focals J189 x J112","J189","J112","Dolomedes minor","Dolomedes minor","minor x minor",2021-05-21,"2",FALSE,"Na","","Top mesh",TRUE,"T",TRUE,97,2729.858,1,0,2,5,6582.636,1316.5272,12,4805.296,400.441333333333,TRUE,"left",0.34900000000016,NA,TRUE,"left",FALSE,FALSE,FALSE,14428.8,FALSE,9386.559,3918.12,3811.163,9386.309,FALSE,TRUE,FALSE,FALSE
"80","Set #01 Focal J191 x Non-focal J132","J191","J132","Dolomedes minor","Dolomedes minor","minor x minor",2021-05-24,"2",FALSE,"Na","","Top mesh",FALSE,"T",TRUE,84,NA,0,0,0,0,0,0,0,0,0,FALSE,NA,NA,NA,FALSE,NA,FALSE,FALSE,FALSE,14445.6,FALSE,NA,NA,NA,NA,FALSE,TRUE,FALSE,TRUE
"84","Set #01.5 Focal Male J109 Non-focal J157 x Focal J109","J157","J109","Dolomedes minor","Dolomedes minor","minor x minor",2021-05-24,"3",FALSE,"Na","","Top mesh",FALSE,"T",FALSE,88,NA,0,0,0,0,0,0,0,0,0,FALSE,NA,NA,NA,FALSE,NA,FALSE,FALSE,FALSE,14446.56,FALSE,NA,NA,NA,NA,TRUE,TRUE,TRUE,FALSE
"85","Set #02 Focal J190 x Non-focal H46","J190","H46","Dolomedes minor","Dolomedes minor","minor x minor",2021-05-24,"1",FALSE,"Na","No damage to male emboli after trial. Two attempted copulations that look like they could be copulations though, both bookmarked","Top mesh",FALSE,"T",TRUE,89,3154.609,2,0,5,14,10575.23,755.373571428571,27,5233.116,193.819111111111,FALSE,NA,NA,NA,TRUE,"both",FALSE,FALSE,FALSE,14518.56,FALSE,5991.221,3769.269,3423.471,NA,FALSE,TRUE,FALSE,TRUE
"90","Set #03 Focal J189 x Non-focal H38","J189","H38","Dolomedes minor","Dolomedes minor","minor x minor",2021-05-25,"1",FALSE,"Na","","Top mesh",TRUE,"T",TRUE,94,NA,3,0,3,0,0,0,0,0,0,FALSE,NA,NA,NA,FALSE,NA,FALSE,FALSE,FALSE,14484.96,FALSE,NA,NA,NA,NA,FALSE,TRUE,FALSE,TRUE
"95","Set #03 Non-focal J137 x Focal J112","J137","J112","Dolomedes minor","Dolomedes minor","minor x minor",2021-05-25,"2",FALSE,"Na","male damage to right palp","Top mesh",TRUE,"T",TRUE,100,7023.34,1,0,2,3,6871.013,2290.33766666667,9,4299.674,477.741555555556,FALSE,NA,NA,NA,TRUE,"left",FALSE,FALSE,FALSE,14491.2,FALSE,13609.605,7997.247,7732.135,NA,FALSE,TRUE,TRUE,FALSE
"31","Attempt 32 J125 x J203","J125","H203","Dolomedes minor","Dolomedes minor","minor x minor",2021-05-27,"2",FALSE,"Na","","Top mesh",TRUE,"T",TRUE,34,3199.744,1,0,1,1,41.9569999999999,41.9569999999999,0,0,0,FALSE,NA,NA,NA,FALSE,NA,FALSE,FALSE,FALSE,14504.16,FALSE,3233.892,NA,NA,NA,FALSE,TRUE,FALSE,FALSE
"32","Attempt 33 J123 x H52","J123","H52","Dolomedes minor","Dolomedes minor","minor x minor",2021-05-27,"1",FALSE,"Na","","Top mesh",TRUE,"T",TRUE,35,5941.605,0,0,4,6,8255.341,1375.89016666667,32,3235.856,101.1205,FALSE,NA,NA,NA,FALSE,NA,FALSE,FALSE,FALSE,14520,FALSE,NA,7774.857,6860.615,NA,FALSE,TRUE,FALSE,FALSE
"89","Set #03 Focal J189 x Non-focal H37","J189","H37","Dolomedes minor","Dolomedes minor","minor x minor",2021-05-28,"1",FALSE,"Na","","Top mesh",TRUE,"T",TRUE,93,4867.904,0,0,2,3,3025.227,1008.409,0,0,0,FALSE,NA,NA,NA,FALSE,NA,FALSE,FALSE,FALSE,14456.64,FALSE,NA,NA,NA,NA,FALSE,TRUE,FALSE,TRUE
"93","Set #03 Non-focal J108 x Focal J112","J108","J112","Dolomedes minor","Dolomedes minor","minor x minor",2021-05-28,"2",FALSE,"Na","male damage to right palp","Top mesh",TRUE,"T",TRUE,98,4047.433,0,0,2,2,1359.402,679.701,0,0,0,FALSE,NA,NA,NA,FALSE,NA,FALSE,FALSE,FALSE,14461.92,FALSE,NA,NA,NA,NA,FALSE,TRUE,TRUE,FALSE
"91","Set #03 Focal J189 x Non-focal J119","J189","J119","Dolomedes minor","Dolomedes minor","minor x minor",2021-06-04,"1",FALSE,"Na","","Top mesh",TRUE,"T",TRUE,95,6166.874,1,0,6,7,6762.928,966.132571428572,11,4512.547,410.231545454545,TRUE,"left",0.219999999999345,NA,FALSE,NA,FALSE,FALSE,FALSE,14517.12,FALSE,13756.572,8202.557,7919.509,13756.362,FALSE,TRUE,FALSE,TRUE
"94","Set #03 Non-focal J126 x Focal J112","J126","J112","Dolomedes minor","Dolomedes minor","minor x minor",2021-06-04,"2",FALSE,"Na","male damage to right palp","Top mesh",TRUE,"T",FALSE,99,NA,0,0,0,0,0,0,0,0,0,FALSE,NA,NA,NA,FALSE,NA,FALSE,FALSE,FALSE,14475.84,FALSE,NA,NA,NA,NA,TRUE,TRUE,TRUE,FALSE
"33","Attempt 34 J61 x J149","J61","J149","Dolomedes minor","Dolomedes minor","minor x minor",2021-06-07,"1",FALSE,"Na","","Top mesh",TRUE,"T",FALSE,36,NA,0,0,0,0,0,0,0,0,0,FALSE,NA,NA,NA,FALSE,NA,FALSE,FALSE,FALSE,14477.28,FALSE,NA,NA,NA,NA,TRUE,TRUE,FALSE,FALSE
"34","Attempt 35 J103 x H26","J103","H26","Dolomedes minor","Dolomedes minor","minor x minor",2021-06-07,"2",FALSE,"Na","","Top mesh",TRUE,"T",TRUE,37,NA,0,0,1,0,0,0,0,0,0,FALSE,NA,NA,NA,FALSE,NA,FALSE,FALSE,FALSE,14489.28,FALSE,NA,NA,NA,NA,FALSE,TRUE,FALSE,FALSE
"99","Set #04 Focals J101 x J204","J101","J204","Dolomedes minor","Dolomedes minor","minor x minor",2021-06-08,"1",FALSE,"Na","","Top mesh",TRUE,"T",TRUE,104,1416.947,1,0,2,4,8963.517,2240.87925,8,8115.772,1014.4715,TRUE,"both",0.208999999998923,0.208999999999833,TRUE,"right",FALSE,TRUE,TRUE,11919.36,TRUE,6856.88,1614.535,1445.147,6856.671,FALSE,TRUE,FALSE,FALSE
"105","Set #05 Focals J102 x J206","J102","J206","Dolomedes minor","Dolomedes minor","minor x minor",2021-06-08,"2",FALSE,"Na","","Top mesh",TRUE,"T",TRUE,110,402.325,1,1,4,5,11550.497,2310.0994,15,8037.581,535.838733333333,TRUE,"left",0.389999999999418,NA,TRUE,"right",FALSE,FALSE,FALSE,14452.8,FALSE,12398.848,3225.23,NA,12398.458,FALSE,TRUE,FALSE,FALSE
"1","Aborted Trial H61 x J119","H61","J119","Dolomedes minor","Dolomedes minor","minor x minor",2021-06-10,"1",TRUE,"Male possibly injured from freezer","Male possibly injured from freezer","Basic",TRUE,"F",TRUE,1,NA,0,0,0,0,0,0,0,0,0,FALSE,NA,NA,NA,FALSE,NA,FALSE,FALSE,FALSE,2175.36,TRUE,NA,NA,NA,NA,TRUE,TRUE,TRUE,FALSE
"35","Attempt 36 J116 x J208","J116","J208","Dolomedes minor","Dolomedes minor","minor x minor",2021-06-10,"2",FALSE,"Na","","Top mesh",TRUE,"T",TRUE,38,5449.108,0,0,0,4,3370.985,842.74625,0,0,0,FALSE,NA,NA,NA,FALSE,NA,FALSE,FALSE,FALSE,14338.08,TRUE,NA,NA,NA,NA,FALSE,TRUE,FALSE,FALSE
"29","Attempt 29 H47 x J214","H47","J214","Dolomedes minor","Dolomedes minor","minor x minor",2021-06-11,"1",FALSE,"Na","Numbered in wrong order (should be later than 29), but doesn't really matter.","Top mesh",TRUE,"T",TRUE,32,1412.891,0,0,1,2,12937.357,6468.6785,6,10246.241,1707.70683333333,FALSE,NA,NA,NA,FALSE,NA,FALSE,FALSE,FALSE,14487.36,FALSE,NA,3038.734,2932.919,NA,FALSE,TRUE,FALSE,FALSE
"36","Attempt 37 H57 x H64","H57","H64","Dolomedes minor","Dolomedes minor","minor x minor",2021-06-11,"2",FALSE,"Na","","Top mesh",TRUE,"T",FALSE,39,NA,0,0,0,0,0,0,0,0,0,FALSE,NA,NA,NA,FALSE,NA,FALSE,FALSE,FALSE,14438.88,FALSE,NA,NA,NA,NA,TRUE,TRUE,FALSE,FALSE
"78","Set #01 Focal J191 x Non-focal H38","J191","H38","Dolomedes minor","Dolomedes minor","minor x minor",2021-06-13,"2",FALSE,"Na","","Top mesh",FALSE,"T",FALSE,82,NA,0,0,0,0,0,0,0,0,0,FALSE,NA,NA,NA,FALSE,NA,FALSE,FALSE,FALSE,14574.24,FALSE,NA,NA,NA,NA,TRUE,TRUE,FALSE,TRUE
"96","Set #04 Focal J101 x Non-focal H75","J101","H75","Dolomedes minor","Dolomedes minor","minor x minor",2021-06-14,"1",FALSE,"Na","","Top mesh",TRUE,"T",FALSE,101,NA,0,0,0,0,0,0,0,0,0,FALSE,NA,NA,NA,FALSE,NA,FALSE,FALSE,FALSE,14488.8,FALSE,NA,NA,NA,NA,TRUE,TRUE,FALSE,TRUE
"104","Set #05 Focal J102 x Non-focal J161","J102","J161","Dolomedes minor","Dolomedes minor","minor x minor",2021-06-14,"2",FALSE,"Na","","Top mesh",TRUE,"T",TRUE,109,1439.473,3,0,6,7,12122.551,1731.793,27,4507.551,166.946333333333,TRUE,"right",NA,0.0799999999999272,TRUE,"right",FALSE,FALSE,FALSE,14478.72,FALSE,7161.198,4787.29,3978.683,10762.138,FALSE,TRUE,FALSE,TRUE
"37","Attempt 38 J122 x J215","J122","J215","Dolomedes minor","Dolomedes minor","minor x minor",2021-06-15,"1",FALSE,"Na","","Top mesh",TRUE,"T",FALSE,40,NA,0,0,0,0,0,0,0,0,0,FALSE,NA,NA,NA,FALSE,NA,FALSE,FALSE,FALSE,14462.4,FALSE,NA,NA,NA,NA,TRUE,TRUE,FALSE,FALSE
"87","Set #02 Focal J190 x Non-focal J212","J190","J212","Dolomedes minor","Dolomedes minor","minor x minor",2021-06-15,"2",FALSE,"Na","copulation attempt looks like just attempt, but palp was never chacked afterwards","Top mesh",FALSE,"T",TRUE,91,3081.463,0,0,2,7,10858.277,1551.18242857143,21,7607.304,362.252571428572,FALSE,NA,NA,NA,TRUE,"left",FALSE,FALSE,FALSE,14458.56,FALSE,NA,5327.886,4686.628,NA,FALSE,TRUE,FALSE,TRUE
"109","Set #06 Focals H45 x H65","H45","H65","Dolomedes minor","Dolomedes minor","minor x minor",2021-06-15,"2",FALSE,"Na","","Top mesh",TRUE,"T",TRUE,114,4266.812,0,0,0,4,8363.014,2090.7535,7,6079.096,868.442285714286,TRUE,"left",0.350000000000364,NA,TRUE,"right",FALSE,FALSE,FALSE,14425.44,FALSE,NA,5601.232,4837.252,12762.84,FALSE,TRUE,FALSE,FALSE
"38","Attempt 39 G09 x G33","G09","G33","Dolomedes minor","Dolomedes minor","minor x minor",2021-06-16,"1",FALSE,"Na","","Top mesh",TRUE,"T",FALSE,41,NA,0,0,0,0,0,0,0,0,0,FALSE,NA,NA,NA,FALSE,NA,FALSE,FALSE,FALSE,14497.92,FALSE,NA,NA,NA,NA,TRUE,TRUE,FALSE,FALSE
"39","Attempt 40 H06 x G36","H06","G36","Dolomedes minor","Dolomedes minor","minor x minor",2021-06-16,"2",FALSE,"Na","","Top mesh",TRUE,"T",TRUE,42,4106.698,0,0,5,8,9866.919,1233.364875,19,6710.182,353.167473684211,FALSE,NA,NA,NA,FALSE,NA,FALSE,FALSE,FALSE,14492.64,FALSE,NA,5128.908,4541.961,NA,FALSE,TRUE,FALSE,FALSE
"98","Set #04 Focal J101 x Non-focal J216","J101","J216","Dolomedes minor","Dolomedes minor","minor x minor",2021-06-17,"2",TRUE,"Female Aggression, check survival of male","Male caught in female's jaws, initaially survived, but listed as kill as he died shortly after","Top mesh",FALSE,"T",TRUE,103,NA,1,0,1,0,0,0,0,0,0,FALSE,NA,NA,NA,FALSE,NA,TRUE,FALSE,FALSE,4631.04,TRUE,NA,NA,NA,NA,FALSE,TRUE,FALSE,TRUE
"102","Set #05 Focal J102 x Non-focal G42","J102","G42","Dolomedes minor","Dolomedes minor","minor x minor",2021-06-17,"3",FALSE,"Na","","Top mesh",FALSE,"T",TRUE,107,NA,1,0,1,0,0,0,0,0,0,FALSE,NA,NA,NA,FALSE,NA,FALSE,FALSE,FALSE,14429.28,FALSE,NA,NA,NA,NA,FALSE,TRUE,FALSE,TRUE
"108","Set #06 Focal H45 x Non-focal H73","H45","H73","Dolomedes minor","Dolomedes minor","minor x minor",2021-06-17,"1",FALSE,"Na","","Top mesh",FALSE,"T",FALSE,113,NA,0,0,0,0,0,0,0,0,0,FALSE,NA,NA,NA,FALSE,NA,FALSE,FALSE,FALSE,14531.04,FALSE,NA,NA,NA,NA,TRUE,TRUE,FALSE,TRUE
"40","Attempt 41 H30 x J212","H30","J212","Dolomedes minor","Dolomedes minor","minor x minor",2021-06-18,"1",FALSE,"Na","","Top mesh",TRUE,"T",TRUE,43,2021.378,0,0,1,3,10569.821,3523.27366666667,15,5212.921,347.528066666667,FALSE,NA,NA,NA,TRUE,"right",FALSE,FALSE,FALSE,14388,TRUE,NA,8248.961,2579.916,NA,FALSE,TRUE,FALSE,FALSE
"110","Set #06 Non-focal G31 x Focal H65","G31","H65","Dolomedes minor","Dolomedes minor","minor x minor",2021-06-18,"2",TRUE,"Kill","","Top mesh",TRUE,"T",TRUE,115,7404.135,0,0,0,1,45.7560000000003,45.7560000000003,0,0,0,FALSE,NA,NA,NA,FALSE,NA,TRUE,FALSE,FALSE,8396.16,TRUE,NA,NA,NA,NA,FALSE,TRUE,TRUE,FALSE
"97","Set #04 Focal J101 x Non-focal H76","J101","H76","Dolomedes minor","Dolomedes minor","minor x minor",2021-06-21,"1",FALSE,"Na","","Top mesh",FALSE,"T",TRUE,102,3339.667,3,1,10,9,10410.129,1156.681,22,5942.893,270.1315,TRUE,"right",NA,0.251000000000204,TRUE,"left",FALSE,FALSE,FALSE,14474.4,FALSE,2669.944,3787.477,3428.919,13747.137,FALSE,TRUE,FALSE,TRUE
"103","Set #05 Focal J102 x Non-focal H65","J102","H65","Dolomedes minor","Dolomedes minor","minor x minor",2021-06-21,"2",TRUE,"Kill","","Top mesh",FALSE,"T",TRUE,108,NA,0,0,0,0,0,0,0,0,0,FALSE,NA,NA,NA,FALSE,NA,TRUE,FALSE,FALSE,80.64,TRUE,NA,NA,NA,NA,FALSE,TRUE,TRUE,TRUE
"107","Set #06 Focal H45 x Non-focal H71","H45","H71","Dolomedes minor","Dolomedes minor","minor x minor",2021-06-21,"3",FALSE,"Na","when rechecing, one of the video files was corrupted. However, all observations still support that it was uneventful. Duration is shorter because of lost file.","Top mesh",FALSE,"T",FALSE,112,NA,0,0,0,0,0,0,0,0,0,FALSE,NA,NA,NA,FALSE,NA,FALSE,FALSE,FALSE,14362.04,TRUE,NA,NA,NA,NA,TRUE,TRUE,FALSE,TRUE
"41","Attempt 42 J135 x H72","J135","H72","Dolomedes minor","Dolomedes minor","minor x minor",2021-06-22,"1",FALSE,"Na","","Top mesh",FALSE,"T",TRUE,44,1810.025,0,0,1,3,3395.52,1131.84,1,99.1450000000004,99.1450000000004,FALSE,NA,NA,NA,FALSE,NA,FALSE,FALSE,FALSE,14525.28,FALSE,NA,14295.868,14117.61,NA,FALSE,TRUE,FALSE,FALSE
"42","Attempt 43 H34 x J210","H34","J210","Dolomedes minor","Dolomedes minor","minor x minor",2021-06-22,"2",FALSE,"Na","","Top mesh",FALSE,"T",TRUE,45,2231.486,3,0,3,3,170.771,56.9236666666666,0,0,0,FALSE,NA,NA,NA,FALSE,NA,FALSE,FALSE,FALSE,14452.8,FALSE,2257.201,NA,4756.881,NA,FALSE,TRUE,FALSE,FALSE
"43","Attempt 44 J202 x G37","J202","G37","Dolomedes minor","Dolomedes minor","minor x minor",2021-06-22,"3",FALSE,"Na","","Top mesh",FALSE,"T",TRUE,46,NA,0,0,0,0,0,0,0,0,0,FALSE,NA,NA,NA,FALSE,NA,FALSE,FALSE,FALSE,14473.44,FALSE,NA,NA,NA,NA,TRUE,TRUE,FALSE,FALSE
"114","Set #07 Focals J144 x G39","J144","G39","Dolomedes minor","Dolomedes minor","minor x minor",2021-06-22,"4",FALSE,"Na","","Top mesh",FALSE,"T",TRUE,119,2519.971,1,0,1,4,11384.765,2846.19125,3,2770.117,923.372333333333,TRUE,"left",0.251000000000204,NA,TRUE,"right",FALSE,FALSE,FALSE,14483.04,FALSE,2637.701,3464.446,3303.351,6362.211,FALSE,TRUE,FALSE,FALSE
"101","Set #04.5 Non-focal J198 x Focal H76","J198","H76","Dolomedes minor","Dolomedes minor","minor x minor",2021-06-24,"2",FALSE,"Na","","Top mesh",FALSE,"T",TRUE,106,3450.336,1,0,3,1,494.67,494.67,0,0,0,FALSE,NA,NA,NA,FALSE,NA,FALSE,FALSE,FALSE,14483.52,FALSE,2721.811,NA,NA,NA,FALSE,TRUE,TRUE,FALSE
"106","Set #06 Focal H45 x Non-focal H67","H45","H67","Dolomedes minor","Dolomedes minor","minor x minor",2021-06-24,"1",FALSE,"Na","","Top mesh",FALSE,"T",TRUE,111,681.27,17,0,2,11,8443.835,767.621363636364,0,0,0,FALSE,NA,NA,NA,FALSE,NA,FALSE,FALSE,FALSE,14532.48,FALSE,762.617,NA,NA,NA,FALSE,TRUE,FALSE,TRUE
"113","Set #07 Focal J144 x Non-focal H70","J144","H70","Dolomedes minor","Dolomedes minor","minor x minor",2021-06-24,"3",TRUE,"Kill","Incredible mid air kill from female","Top mesh",FALSE,"T",TRUE,118,3219.329,0,0,0,2,1591.878,795.939,2,1241.645,620.8225,TRUE,"right",NA,0.359999999999673,FALSE,NA,FALSE,TRUE,FALSE,4882.56,TRUE,NA,3540.044,3387.004,4819.894,FALSE,TRUE,FALSE,TRUE
"118","Set #07 Non-focal J151 x Focal G39","J151","G39","Dolomedes minor","Dolomedes minor","minor x minor",2021-06-24,"4",FALSE,"Na","","Top mesh",FALSE,"T",TRUE,123,2590.707,1,0,1,2,1753.76,876.88,0,0,0,FALSE,NA,NA,NA,FALSE,NA,FALSE,FALSE,FALSE,14546.4,FALSE,4133.782,NA,NA,NA,FALSE,TRUE,TRUE,FALSE
"44","Attempt 45 H43 x G38","H43","G38","Dolomedes minor","Dolomedes minor","minor x minor",2021-06-25,"1",FALSE,"Na","","Top mesh",FALSE,"T",TRUE,47,NA,0,0,0,0,0,0,0,0,0,FALSE,NA,NA,NA,FALSE,NA,FALSE,FALSE,FALSE,14647.68,FALSE,NA,NA,NA,NA,TRUE,TRUE,FALSE,FALSE
"45","Attempt 46 J163 x G32","J163","G32","Dolomedes minor","Dolomedes minor","minor x minor",2021-06-25,"2",FALSE,"Na","Female still had meal","Top mesh",FALSE,"T",TRUE,48,NA,0,0,2,0,0,0,0,0,0,FALSE,NA,NA,NA,FALSE,NA,FALSE,FALSE,FALSE,14613.12,FALSE,NA,NA,NA,NA,FALSE,TRUE,FALSE,FALSE
"46","Attempt 47 J186 x G35","J186","G35","Dolomedes minor","Dolomedes minor","minor x minor",2021-06-25,"3",FALSE,"Na","","Top mesh",FALSE,"T",FALSE,49,NA,0,0,0,0,0,0,0,0,0,FALSE,NA,NA,NA,FALSE,NA,FALSE,FALSE,FALSE,14586.24,FALSE,NA,NA,NA,NA,TRUE,TRUE,FALSE,FALSE
"100","Set #04.5 Non-focal J177 x Focal H76","J177","H76","Dolomedes minor","Dolomedes minor","minor x minor",2021-06-28,"2",FALSE,"Kill","","Top mesh",TRUE,"T",TRUE,105,NA,0,0,0,0,0,0,0,0,0,FALSE,NA,NA,NA,FALSE,NA,TRUE,FALSE,FALSE,778.56,TRUE,NA,NA,NA,NA,FALSE,TRUE,TRUE,FALSE
"111","Set #07 Focal J144 x Non-focal G38","J144","G38","Dolomedes minor","Dolomedes minor","minor x minor",2021-06-28,"1",FALSE,"Na","Extremly long potential copulation with both palps. Didn't lead to breakage, but counting as copulation","Top mesh",TRUE,"T",TRUE,116,447.583,0,1,0,8,5392.767,674.095875,8,2001.946,250.24325,TRUE,"both",1.11000000000058,1.61999999999989,TRUE,"right",FALSE,FALSE,FALSE,14485.92,FALSE,NA,2895.581,1948.178,5898.411,FALSE,TRUE,FALSE,TRUE
"47","Attempt 48 J141 x H64","J141","H64","Dolomedes minor","Dolomedes minor","minor x minor",2021-06-29,"4",FALSE,"Na","","Top mesh",FALSE,"T",FALSE,50,NA,0,0,0,0,0,0,0,0,0,FALSE,NA,NA,NA,FALSE,NA,FALSE,FALSE,FALSE,14549.28,FALSE,NA,NA,NA,NA,TRUE,TRUE,FALSE,FALSE
"116","Set #07 Non-focal H54 x Focal G39","H54","G39","Dolomedes minor","Dolomedes minor","minor x minor",2021-06-29,"2",FALSE,"Na","","Top mesh",FALSE,"T",FALSE,121,NA,0,0,0,0,0,0,0,0,0,FALSE,NA,NA,NA,FALSE,NA,FALSE,FALSE,FALSE,14489.28,FALSE,NA,NA,NA,NA,TRUE,TRUE,TRUE,FALSE
"125","Set #08 Focals J183 x H26","J183","H26","Dolomedes minor","Dolomedes minor","minor x minor",2021-06-29,"3",FALSE,"Na","","Top mesh",FALSE,"T",TRUE,130,1388.967,0,0,2,2,8243.141,4121.5705,9,5481.91,609.101111111112,TRUE,"right",NA,0.25,FALSE,NA,FALSE,TRUE,TRUE,14465.28,FALSE,NA,3247.426,2681.128,9690.393,FALSE,TRUE,FALSE,FALSE
"48","Attempt 49 J131 x G33","J131","G33","Dolomedes minor","Dolomedes minor","minor x minor",2021-07-01,"3",FALSE,"Na","","Top mesh",FALSE,"T",FALSE,51,NA,0,0,0,0,0,0,0,0,0,FALSE,NA,NA,NA,FALSE,NA,FALSE,FALSE,FALSE,14559.84,FALSE,NA,NA,NA,NA,TRUE,TRUE,FALSE,FALSE
"49","Attempt 50 J170 x G36","J170","G36","Dolomedes minor","Dolomedes minor","minor x minor",2021-07-01,"2",FALSE,"Na","","Top mesh",FALSE,"T",FALSE,52,NA,0,0,0,0,0,0,0,0,0,FALSE,NA,NA,NA,FALSE,NA,FALSE,FALSE,FALSE,14588.16,FALSE,NA,NA,NA,NA,TRUE,TRUE,FALSE,FALSE
"50","Attempt 51 J105 x J215","J105","J215","Dolomedes minor","Dolomedes minor","minor x minor",2021-07-01,"4",TRUE,"Female Aggression","","Top mesh",FALSE,"T",TRUE,53,NA,1,0,1,0,0,0,0,0,0,FALSE,NA,NA,NA,FALSE,NA,FALSE,FALSE,FALSE,438.72,TRUE,NA,NA,NA,NA,FALSE,TRUE,FALSE,FALSE
"112","Set #07 Focal J144 x Non-focal H52","J144","H52","Dolomedes minor","Dolomedes minor","minor x minor",2021-07-01,"1",FALSE,"Na","","Top mesh",FALSE,"T",TRUE,117,NA,1,0,2,0,0,0,0,0,0,FALSE,NA,NA,NA,FALSE,NA,FALSE,FALSE,FALSE,14569.44,FALSE,NA,NA,NA,NA,FALSE,TRUE,FALSE,TRUE
"51","Attempt 52 J201 x J210","J201","J210","Dolomedes minor","Dolomedes minor","minor x minor",2021-07-02,"3",FALSE,"Na","","Top mesh",FALSE,"T",TRUE,54,1070.525,0,0,5,5,12810.535,2562.107,23,10102.977,439.259869565217,FALSE,NA,NA,NA,FALSE,NA,FALSE,FALSE,FALSE,14489.28,FALSE,NA,2451.283,2034.962,NA,FALSE,TRUE,FALSE,FALSE
"52","Attempt 53 J113 x G37","J113","G37","Dolomedes minor","Dolomedes minor","minor x minor",2021-07-02,"4",FALSE,"Na","","Top mesh",FALSE,"T",TRUE,55,NA,0,0,2,0,0,0,0,0,0,FALSE,NA,NA,NA,FALSE,NA,FALSE,FALSE,FALSE,14695.68,FALSE,NA,NA,NA,NA,FALSE,TRUE,FALSE,FALSE
"121","Set #07 Non-focal J196 x G39","J196","G39","Dolomedes minor","Dolomedes minor","minor x minor",2021-07-02,"2",FALSE,"Na","Notes of palp breakage inconsistent, check specimen to confirm copulation in this trial","Top mesh",FALSE,"T",TRUE,126,2168.611,0,0,1,6,10289.793,1714.9655,7,3687.118,526.731142857143,TRUE,"right",NA,0.423999999999069,TRUE,"right",FALSE,FALSE,FALSE,14521.92,FALSE,NA,4788.783,4648.279,8895.098,FALSE,TRUE,TRUE,FALSE
"124","Set #08 Focal J183 x Non-focal J212","J183","J212","Dolomedes minor","Dolomedes minor","minor x minor",2021-07-02,"1",FALSE,"Na","Male has slight damage to forelegs","Top mesh",FALSE,"T",TRUE,129,2583.427,0,1,12,13,9063.994,697.230307692308,22,3914.73899999999,177.942681818182,FALSE,NA,NA,NA,TRUE,"both",FALSE,FALSE,FALSE,14550.24,FALSE,NA,6301.191,3257.24,NA,FALSE,TRUE,FALSE,TRUE
"53","Attempt 54 H20 x J161","J20","J161","Dolomedes minor","Dolomedes minor","minor x minor",2021-07-05,"3",TRUE,"Kill","","Top mesh",FALSE,"T",TRUE,56,2232.46,0,0,0,1,70.3429999999998,70.3429999999998,0,0,0,FALSE,NA,NA,NA,FALSE,NA,TRUE,FALSE,FALSE,2460.48,TRUE,NA,NA,NA,NA,FALSE,TRUE,TRUE,FALSE
"54","Attempt 55 G30 x G32","G30","G32","Dolomedes minor","Dolomedes minor","minor x minor",2021-07-05,"4",FALSE,"Na","","Top mesh",FALSE,"T",FALSE,57,NA,0,0,0,0,0,0,0,0,0,FALSE,NA,NA,NA,FALSE,NA,FALSE,FALSE,FALSE,14419.68,FALSE,NA,NA,NA,NA,TRUE,TRUE,FALSE,FALSE
"115","Set #07 Non-focal H15 x Focal G39","H15","G39","Dolomedes minor","Dolomedes minor","minor x minor",2021-07-05,"2",FALSE,"Na","","Top mesh",FALSE,"T",FALSE,120,NA,0,0,0,0,0,0,0,0,0,FALSE,NA,NA,NA,FALSE,NA,FALSE,FALSE,FALSE,14498.4,FALSE,NA,NA,NA,NA,TRUE,TRUE,TRUE,FALSE
"122","Set #08 Focal J183 x Non-focal G35","J183","G35","Dolomedes minor","Dolomedes minor","minor x minor",2021-07-05,"1",FALSE,"Na","","Top mesh",FALSE,"T",TRUE,127,1940.79,2,2,8,7,5811.339,830.191285714286,6,1177.014,196.169,TRUE,"left",0.171000000000276,NA,FALSE,NA,FALSE,FALSE,FALSE,14469.12,FALSE,4169.325,3834.61,3451.64,8128.443,FALSE,TRUE,FALSE,TRUE
"55","Attempt 56 J121 x G42","J121","G42","Dolomedes minor","Dolomedes minor","minor x minor",2021-07-06,"2",FALSE,"Na","","Top mesh",FALSE,"T",TRUE,58,1238.171,0,2,1,4,11828.722,2957.1805,19,8886.821,467.727421052631,FALSE,NA,NA,NA,TRUE,"right",FALSE,FALSE,FALSE,14495.52,FALSE,NA,1749.316,1405.084,NA,FALSE,TRUE,FALSE,FALSE
"56","Attempt 57 J187 x G16","J187","G16","Dolomedes minor","Dolomedes minor","minor x minor",2021-07-06,"3",FALSE,"Na","","Top mesh",FALSE,"T",TRUE,59,7821.662,1,0,3,4,6094.012,1523.503,7,5398.743,771.249,FALSE,NA,NA,NA,TRUE,"left",FALSE,FALSE,FALSE,14475.84,FALSE,7678.084,8852.907,8756.784,NA,FALSE,TRUE,FALSE,FALSE
"57","Attempt 58 H44 x H71","H44","H71","Dolomedes minor","Dolomedes minor","minor x minor",2021-07-06,"4",FALSE,"Na","","Top mesh",FALSE,"T",TRUE,60,4669.169,0,1,3,8,9420.169,1177.521125,21,7059.348,336.159428571428,FALSE,NA,NA,NA,FALSE,NA,FALSE,FALSE,FALSE,14476.32,FALSE,NA,5236.999,4753.914,NA,FALSE,TRUE,FALSE,FALSE
"129","Set #09 Focals J110 x H67","J110","H67","Dolomedes minor","Dolomedes minor","minor x minor",2021-07-06,"1",FALSE,"Na","","Top mesh",FALSE,"T",TRUE,134,3025.857,0,2,0,5,6278.576,1255.7152,10,2652.229,265.2229,TRUE,"both",0.420000000000073,0.996999999999389,FALSE,NA,FALSE,FALSE,FALSE,14486.88,FALSE,NA,3618.731,3335.547,4646.97,FALSE,TRUE,FALSE,FALSE
"58","Attempt 59 J104 x H75","J104","H75","Dolomedes minor","Dolomedes minor","minor x minor",2021-07-07,"3",FALSE,"Na","","Top mesh",FALSE,"T",TRUE,61,NA,0,0,2,0,0,0,0,0,0,FALSE,NA,NA,NA,FALSE,NA,FALSE,FALSE,FALSE,14432.16,FALSE,NA,NA,NA,NA,FALSE,TRUE,FALSE,FALSE
"120","Set #07 Non-focal J188 x Focal G39","J188","G39","Dolomedes minor","Dolomedes minor","minor x minor",2021-07-07,"2",FALSE,"Na","","Top mesh",FALSE,"T",TRUE,125,NA,0,0,0,0,0,0,0,0,0,FALSE,NA,NA,NA,FALSE,NA,FALSE,FALSE,FALSE,14457.6,FALSE,NA,NA,NA,NA,TRUE,TRUE,TRUE,FALSE
"123","Set #08 Focal J183 x Non-focal J180","J183","J180","Dolomedes minor","Dolomedes minor","minor x minor",2021-07-07,"1",FALSE,"Na","","Top mesh",FALSE,"T",TRUE,128,1703.684,6,0,10,11,6689.017,608.092454545455,9,953.754999999997,105.972777777777,FALSE,NA,NA,NA,FALSE,NA,FALSE,FALSE,FALSE,14487.84,FALSE,1838.515,6846.039,5150.749,NA,FALSE,TRUE,FALSE,TRUE
"135","Set #10 Focals G26 x J203","G26","J203","Dolomedes minor","Dolomedes minor","minor x minor",2021-07-07,"4",FALSE,"Na","","Top mesh",FALSE,"T",TRUE,140,7854.411,2,0,1,4,5895.888,1473.972,9,3535.13,392.792222222222,TRUE,"left",0.239999999999782,NA,TRUE,"left",FALSE,FALSE,FALSE,14423.52,FALSE,12148.749,8697.403,7986.382,14090.119,FALSE,TRUE,FALSE,FALSE
"127","Set #09 Focal J110 x Non-focal J140","J110","J140","Dolomedes minor","Dolomedes minor","minor x minor",2021-07-09,"1",TRUE,"Kill","","Top mesh",FALSE,"T",TRUE,132,1335.054,0,1,0,5,5306.065,1061.213,4,3163.985,790.99625,FALSE,NA,NA,NA,TRUE,"left",TRUE,FALSE,TRUE,7969.92,TRUE,NA,3150.919,2469.809,NA,FALSE,TRUE,FALSE,TRUE
"133","Set #10 Focal G26 x Non-focal H37","G26","H37","Dolomedes minor","Dolomedes minor","minor x minor",2021-07-09,"2",FALSE,"Na","","Top mesh",FALSE,"T",FALSE,138,NA,0,0,0,0,0,0,0,0,0,FALSE,NA,NA,NA,FALSE,NA,FALSE,FALSE,FALSE,14429.76,FALSE,NA,NA,NA,NA,TRUE,TRUE,FALSE,TRUE
"139","Set #10 Non-focal J197 x Focal J203","J197","J203","Dolomedes minor","Dolomedes minor","minor x minor",2021-07-09,"3",FALSE,"Na","","Top mesh",FALSE,"T",TRUE,144,6273.058,0,0,0,6,7309.554,1218.259,19,1802.01000000001,94.842631578948,FALSE,NA,NA,NA,FALSE,NA,FALSE,FALSE,FALSE,14395.68,TRUE,NA,8321.341,6404.883,NA,FALSE,TRUE,TRUE,FALSE
"59","Attempt 60 H61 x J132","H61","J132","Dolomedes minor","Dolomedes minor","minor x minor",2021-07-12,"4",FALSE,"Na","","Top mesh",FALSE,"T",TRUE,62,7910.136,0,0,1,2,6534.574,3267.287,22,1500.657,68.2116818181818,FALSE,NA,NA,NA,FALSE,NA,FALSE,FALSE,FALSE,14477.28,FALSE,NA,10445.417,9817.655,NA,FALSE,TRUE,FALSE,FALSE
"117","Set #07 Non-focal H57 x Focal G39","H54","G39","Dolomedes minor","Dolomedes minor","minor x minor",2021-07-12,"3",FALSE,"Na","","Top mesh",FALSE,"T",FALSE,122,NA,0,0,0,0,0,0,0,0,0,FALSE,NA,NA,NA,FALSE,NA,FALSE,FALSE,FALSE,14502.72,FALSE,NA,NA,NA,NA,TRUE,TRUE,TRUE,FALSE
"126","Set #09 Focal J110 x Non-focal J133","J110","J133","Dolomedes minor","Dolomedes minor","minor x minor",2021-07-12,"1",FALSE,"Na","","Top mesh",FALSE,"T",TRUE,131,1733.584,0,0,1,4,12543.001,3135.75025,8,9597.095,1199.636875,FALSE,NA,NA,NA,FALSE,NA,FALSE,FALSE,FALSE,14484,FALSE,NA,2946.908,NA,NA,FALSE,TRUE,FALSE,TRUE
"134","Set #10 Focal G26 x Non-focal H73","G26","H73","Dolomedes minor","Dolomedes minor","minor x minor",2021-07-12,"2",FALSE,"Na","","Top mesh",FALSE,"T",TRUE,139,11013.597,1,0,1,1,216.524000000001,216.524000000001,0,0,0,FALSE,NA,NA,NA,FALSE,NA,FALSE,FALSE,FALSE,14489.28,FALSE,11227.872,NA,NA,NA,FALSE,TRUE,FALSE,TRUE
"130","Set #09 Non-focal J157 x Focal H67","J157","H67","Dolomedes minor","Dolomedes minor","minor x minor",2021-07-13,"3",FALSE,"Na","","Top mesh",FALSE,"T",FALSE,135,NA,0,0,0,0,0,0,0,0,0,FALSE,NA,NA,NA,FALSE,NA,FALSE,FALSE,FALSE,14570.4,FALSE,NA,NA,NA,NA,TRUE,TRUE,TRUE,FALSE
"138","Set #10 Non-focal J182 x Focal J203","J182","J203","Dolomedes minor","Dolomedes minor","minor x minor",2021-07-13,"1",FALSE,"Na","male attempted with l;eft palp, despite that embolus being broken already","Top mesh",FALSE,"T",TRUE,143,7355.037,1,0,1,3,5908.357,1969.45233333333,5,3591.945,718.389,FALSE,NA,NA,NA,TRUE,"left",FALSE,FALSE,FALSE,14553.6,FALSE,12768.415,9031.465,8229.505,NA,FALSE,TRUE,TRUE,FALSE
"60","Attempt 61 J148 x G37","J148","G37","Dolomedes minor","Dolomedes minor","minor x minor",2021-07-14,"4",FALSE,"Na","","Top mesh",FALSE,"T",TRUE,63,3547.641,3,0,6,1,1273.749,1273.749,0,0,0,FALSE,NA,NA,NA,FALSE,NA,FALSE,FALSE,FALSE,14496.48,FALSE,9454.1,NA,NA,NA,FALSE,TRUE,FALSE,FALSE
"119","Set #07 Non-focal J176 x Focal G39","J176","G39","Dolomedes minor","Dolomedes minor","minor x minor",2021-07-14,"3",FALSE,"Na","","Top mesh",FALSE,"T",TRUE,124,NA,0,0,0,0,0,0,0,0,0,FALSE,NA,NA,NA,FALSE,NA,FALSE,FALSE,FALSE,14491.2,FALSE,NA,NA,NA,NA,TRUE,TRUE,TRUE,FALSE
"128","Set #09 Focal J110 x Non-focal J215","J110","J215","Dolomedes minor","Dolomedes minor","minor x minor",2021-07-14,"2",FALSE,"Na","","Top mesh",FALSE,"T",FALSE,133,NA,0,0,0,0,0,0,0,0,0,FALSE,NA,NA,NA,FALSE,NA,FALSE,FALSE,FALSE,14506.08,FALSE,NA,NA,NA,NA,TRUE,TRUE,FALSE,TRUE
"132","Set #10 Focal G26 x Non-focal G33","G26","G33","Dolomedes minor","Dolomedes minor","minor x minor",2021-07-14,"1",FALSE,"Na","","Top mesh",FALSE,"T",TRUE,137,NA,0,0,0,0,0,0,0,0,0,FALSE,NA,NA,NA,FALSE,NA,FALSE,FALSE,FALSE,14538.24,FALSE,NA,NA,NA,NA,TRUE,TRUE,FALSE,TRUE
"61","Attempt 62 J123 x H64","J123","H64","Dolomedes minor","Dolomedes minor","minor x minor",2021-07-15,"1",FALSE,"Na","","Top mesh",FALSE,"T",FALSE,64,NA,0,0,0,0,0,0,0,0,0,FALSE,NA,NA,NA,FALSE,NA,FALSE,FALSE,FALSE,14499.36,FALSE,NA,NA,NA,NA,TRUE,TRUE,FALSE,FALSE
"62","Attempt 64 J125 x J210","J125","J210","Dolomedes minor","Dolomedes minor","minor x minor",2021-07-15,"4",FALSE,"Na","","Top mesh",FALSE,"T",TRUE,66,10930.134,0,1,2,3,3297.028,1099.00933333333,4,1122.308,280.577,FALSE,NA,NA,NA,FALSE,NA,FALSE,FALSE,FALSE,14523.84,FALSE,NA,13024.189,11949.589,NA,FALSE,TRUE,FALSE,FALSE
"63","Attempt 65 J122 x G36","J122","G36","Dolomedes minor","Dolomedes minor","minor x minor",2021-07-16,"3",FALSE,"Na","","Top mesh",FALSE,"T",FALSE,67,NA,0,0,0,0,0,0,0,0,0,FALSE,NA,NA,NA,FALSE,NA,FALSE,FALSE,FALSE,14498.88,FALSE,NA,NA,NA,NA,TRUE,TRUE,FALSE,FALSE
"64","Attempt 66 J103 x G32","J103","G32","Dolomedes minor","Dolomedes minor","minor x minor",2021-07-16,"4",FALSE,"Na","","Top mesh",FALSE,"T",TRUE,68,8347.293,0,1,1,4,6023.544,1505.886,8,4235.991,529.498875,FALSE,NA,NA,NA,FALSE,NA,FALSE,FALSE,FALSE,14508.96,FALSE,NA,9336.613,8442.943,NA,FALSE,TRUE,FALSE,FALSE
"136","Set #10 Non-focal G09 x Focal J203","G09","J203","Dolomedes minor","Dolomedes minor","minor x minor",2021-07-16,"1",FALSE,"Na","","Top mesh",FALSE,"T",FALSE,141,NA,0,0,0,0,0,0,0,0,0,FALSE,NA,NA,NA,FALSE,NA,FALSE,FALSE,FALSE,14495.52,FALSE,NA,NA,NA,NA,TRUE,TRUE,TRUE,FALSE
"143","Set #11 Focals H30 x H71","H30","H71","Dolomedes minor","Dolomedes minor","minor x minor",2021-07-16,"2",FALSE,"Na","","Top mesh",FALSE,"T",TRUE,148,5207.286,2,0,1,3,9011.74,3003.91333333333,17,6048.389,355.787588235294,TRUE,"left",0.22899999999936,NA,FALSE,NA,FALSE,FALSE,FALSE,14488.8,FALSE,9748.622,6618.923,5578.261,9748.372,FALSE,TRUE,FALSE,FALSE
"65","Attempt 67 H34 x H52","H34","H52","Dolomedes minor","Dolomedes minor","minor x minor",2021-07-19,"2",FALSE,"Na","","Top mesh",FALSE,"T",TRUE,69,7017.377,1,0,1,2,6840.697,3420.3485,9,2254.369,250.485444444445,FALSE,NA,NA,NA,FALSE,NA,FALSE,FALSE,FALSE,14421.6,FALSE,7451.187,10289.758,7060.137,NA,FALSE,TRUE,FALSE,FALSE
"137","Set #10 Non-focal J135 x Focal J203","J135","J203","Dolomedes minor","Dolomedes minor","minor x minor",2021-07-19,"1",FALSE,"Na","","Top mesh",FALSE,"T",FALSE,142,NA,0,0,0,0,0,0,0,0,0,FALSE,NA,NA,NA,FALSE,NA,FALSE,FALSE,FALSE,14475.36,FALSE,NA,NA,NA,NA,TRUE,TRUE,TRUE,FALSE
"66","Attempt 68 J163 x H37","J163","H37","Dolomedes minor","Dolomedes minor","minor x minor",2021-07-20,"3",FALSE,"Na","","Top mesh",FALSE,"T",TRUE,70,6338.081,1,0,3,6,7106.873,1184.47883333333,10,3738.2,373.82,FALSE,NA,NA,NA,TRUE,"right",FALSE,FALSE,FALSE,14568.48,FALSE,9213.331,6920.846,6588.766,NA,FALSE,TRUE,FALSE,FALSE
"131","Set #09 Non-focal J202 x Focal H67","J202","H67","Dolomedes minor","Dolomedes minor","minor x minor",2021-07-20,"4",FALSE,"Na","","Top mesh",FALSE,"T",FALSE,136,NA,0,0,0,0,0,0,0,0,0,FALSE,NA,NA,NA,FALSE,NA,FALSE,FALSE,FALSE,14586.72,FALSE,NA,NA,NA,NA,TRUE,TRUE,TRUE,FALSE
"140","Set #11 Focal H30 x Non-focal G38","H30","G38","Dolomedes minor","Dolomedes minor","minor x minor",2021-07-20,"1",FALSE,"Na","","Top mesh",FALSE,"T",TRUE,145,6169.326,0,0,4,4,8153.179,2038.29475,20,2894.211,144.71055,FALSE,NA,NA,NA,TRUE,"right",FALSE,FALSE,FALSE,14557.92,FALSE,NA,9761.024,8957.424,NA,FALSE,TRUE,TRUE,TRUE
"144","Set #11 Non-focal H43 x Focal H71","H43","H71","Dolomedes minor","Dolomedes minor","minor x minor",2021-07-20,"2",FALSE,"Na","","Top mesh",FALSE,"T",FALSE,149,NA,0,0,0,0,0,0,0,0,0,FALSE,NA,NA,NA,FALSE,NA,FALSE,FALSE,FALSE,14535.36,FALSE,NA,NA,NA,NA,TRUE,TRUE,TRUE,FALSE
"67","Attempt 69 H50 x J210","H50","J210","Dolomedes minor","Dolomedes minor","minor x minor",2021-07-21,"1",FALSE,"Na","","Top mesh",FALSE,"T",TRUE,71,3575.655,0,0,5,6,10628.194,1771.36566666667,9,8872.128,985.792,FALSE,NA,NA,NA,TRUE,"both",FALSE,FALSE,FALSE,14498.4,FALSE,NA,4426.22,4235.773,NA,FALSE,TRUE,FALSE,FALSE
"68","Attempt 70 H22 x J215","H22","J215","Dolomedes minor","Dolomedes minor","minor x minor",2021-07-21,"2",FALSE,"Na","","Top mesh",FALSE,"T",FALSE,72,NA,0,0,0,0,0,0,0,0,0,FALSE,NA,NA,NA,FALSE,NA,FALSE,FALSE,FALSE,14435.04,FALSE,NA,NA,NA,NA,TRUE,TRUE,FALSE,FALSE
"69","Attempt 71 J186 x H73","J186","H73","Dolomedes minor","Dolomedes minor","minor x minor",2021-07-21,"3",FALSE,"Na","","Top mesh",FALSE,"T",TRUE,73,12658.645,3,0,3,3,906.804,302.268,0,0,0,FALSE,NA,NA,NA,FALSE,NA,FALSE,FALSE,FALSE,14433.6,FALSE,8527.605,NA,12668.655,NA,FALSE,TRUE,FALSE,FALSE
"150","Set #12 Focals J124 x G42","J124","G42","Dolomedes minor","Dolomedes minor","minor x minor",2021-07-21,"4",FALSE,"Na","","Top mesh",FALSE,"T",TRUE,155,2823.953,2,0,6,5,10085.332,2017.0664,3,2146.366,715.455333333333,TRUE,"right",NA,2.42000000000007,TRUE,"left",FALSE,FALSE,FALSE,14429.28,FALSE,4616.146,3542.106,3311.118,4613.496,FALSE,TRUE,FALSE,FALSE
"70","Attempt 72 H23 x H38","H23","H38","Dolomedes minor","Dolomedes minor","minor x minor",2021-07-22,"2",FALSE,"Na","","Top mesh",FALSE,"T",TRUE,74,5911.846,0,0,0,2,8519.65,4259.825,16,5511.773,344.4858125,FALSE,NA,NA,NA,FALSE,NA,FALSE,FALSE,FALSE,14619.36,FALSE,NA,7582.079,7217.939,NA,FALSE,TRUE,FALSE,FALSE
"71","Attempt 73 J192 x G37","J192","G37","Dolomedes minor","Dolomedes minor","minor x minor",2021-07-22,"3",FALSE,"Na","","Top mesh",FALSE,"T",TRUE,75,10356.745,0,0,1,2,4084.61,2042.305,3,1431.505,477.168333333334,TRUE,"left",1.04000000000087,NA,FALSE,NA,FALSE,FALSE,FALSE,14586.24,FALSE,NA,12553.029,12332.069,13874.827,FALSE,TRUE,FALSE,FALSE
"72","Attempt 74 J185 x H64","J185","H64","Dolomedes minor","Dolomedes minor","minor x minor",2021-07-22,"4",FALSE,"Na","","Top mesh",FALSE,"T",TRUE,76,NA,1,0,2,0,0,0,0,0,0,FALSE,NA,NA,NA,FALSE,NA,FALSE,FALSE,FALSE,14580.48,FALSE,NA,NA,NA,NA,FALSE,TRUE,FALSE,FALSE
"157","Set #13 Focals H62 x J132","H62","J132","Dolomedes minor","Dolomedes minor","minor x minor",2021-07-22,"1",FALSE,"Na","","Top mesh",FALSE,"T",TRUE,162,5541.398,2,0,2,2,3859.168,1929.584,8,2278.259,284.782375,TRUE,"both",5,0.260000000000218,FALSE,NA,FALSE,FALSE,FALSE,14599.2,FALSE,6904.501,6007.963,5580.763,6904.241,FALSE,TRUE,FALSE,FALSE
"141","Set #11 Focal H30 x Non-focal H52","H30","H52","Dolomedes minor","Dolomedes minor","minor x minor",2021-07-23,"1",FALSE,"Na","","Top mesh",FALSE,"T",FALSE,146,NA,0,0,0,0,0,0,0,0,0,FALSE,NA,NA,NA,FALSE,NA,FALSE,FALSE,FALSE,14488.8,FALSE,NA,NA,NA,NA,TRUE,TRUE,FALSE,TRUE
"146","Set #11 Non-focal J137 x Focal H71","J137","H71","Dolomedes minor","Dolomedes minor","minor x minor",2021-07-23,"2",FALSE,"Na","","Top mesh",FALSE,"T",FALSE,151,NA,0,0,0,0,0,0,0,0,0,FALSE,NA,NA,NA,FALSE,NA,FALSE,FALSE,FALSE,14514.24,FALSE,NA,NA,NA,NA,TRUE,TRUE,TRUE,FALSE
"148","Set #12 Focal J124 x Non-focal G36","J124","G36","Dolomedes minor","Dolomedes minor","minor x minor",2021-07-23,"3",FALSE,"Na","","Top mesh",FALSE,"T",TRUE,153,NA,1,0,1,0,0,0,0,0,0,FALSE,NA,NA,NA,FALSE,NA,FALSE,FALSE,FALSE,14501.28,FALSE,NA,NA,NA,NA,FALSE,TRUE,FALSE,TRUE
"151","Set #12 Non-focal J131 x Focal G42","J131","G42","Dolomedes minor","Dolomedes minor","minor x minor",2021-07-23,"4",FALSE,"Na","male lost leg prior to experiment","Top mesh",FALSE,"T",TRUE,156,7045.802,2,0,2,5,5268.661,1053.7322,0,0,0,FALSE,NA,NA,NA,FALSE,NA,FALSE,FALSE,FALSE,14448.48,FALSE,2306.447,NA,NA,NA,FALSE,TRUE,TRUE,FALSE
"142","Set #11 Focal H30 x Non-focal H75","H30","H75","Dolomedes minor","Dolomedes minor","minor x minor",2021-07-26,"1",FALSE,"Na","","Top mesh",FALSE,"T",FALSE,147,NA,0,0,0,0,0,0,0,0,0,FALSE,NA,NA,NA,FALSE,NA,FALSE,FALSE,FALSE,14579.52,FALSE,NA,NA,NA,NA,TRUE,TRUE,FALSE,TRUE
"145","Set #11 Non-focal J104 x Focal H71","J104","H71","Dolomedes minor","Dolomedes minor","minor x minor",2021-07-26,"2",FALSE,"Na","","Top mesh",FALSE,"T",TRUE,150,3152.735,0,0,1,1,291.608,291.608,0,0,0,FALSE,NA,NA,NA,FALSE,NA,FALSE,FALSE,FALSE,14502.72,FALSE,NA,NA,NA,NA,FALSE,TRUE,TRUE,FALSE
"147","Set #12 Focal J124 x Non-focal G32","J124","G32","Dolomedes minor","Dolomedes minor","minor x minor",2021-07-26,"3",FALSE,"Na","","Top mesh",FALSE,"T",TRUE,152,7908.947,1,0,6,6,6218.833,1036.47216666667,8,2293.134,286.64175,FALSE,NA,NA,NA,TRUE,"both",FALSE,FALSE,FALSE,14533.44,FALSE,13025.597,11695.612,8847.319,NA,FALSE,TRUE,FALSE,TRUE
"152","Set #13 Focal H62 x Non-focal G33","H62","G33","Dolomedes minor","Dolomedes minor","minor x minor",2021-07-27,"1",FALSE,"Na","","Top mesh",FALSE,"T",TRUE,158,10793.119,0,0,0,1,3672.465,3672.465,2,2364.958,1182.479,FALSE,NA,NA,NA,FALSE,NA,FALSE,FALSE,FALSE,14507.52,FALSE,NA,11964.139,11437.972,NA,FALSE,TRUE,FALSE,TRUE
"161","Set #13 Non-focal J188 x Focal J132","J188","J132","Dolomedes minor","Dolomedes minor","minor x minor",2021-07-27,"2",FALSE,"Na","","Top mesh",FALSE,"T",FALSE,166,NA,0,0,0,0,0,0,0,0,0,FALSE,NA,NA,NA,FALSE,NA,FALSE,FALSE,FALSE,14511.36,FALSE,NA,NA,NA,NA,TRUE,TRUE,TRUE,FALSE
"73","Attempt 75 H20 x J214","H20","J214","Dolomedes minor","Dolomedes minor","minor x minor",2021-07-28,"2",FALSE,"Na","","Top mesh",FALSE,"T",TRUE,77,NA,0,0,1,0,0,0,0,0,0,FALSE,NA,NA,NA,FALSE,NA,FALSE,FALSE,FALSE,14378.88,TRUE,NA,NA,NA,NA,FALSE,TRUE,FALSE,FALSE
"74","Attempt 76 J196 x H37","J196","H37","Dolomedes minor","Dolomedes minor","minor x minor",2021-07-28,"3",FALSE,"Na","","Top mesh",FALSE,"T",TRUE,78,195.485,0,0,1,2,2593.64,1296.82,3,563.282000000001,187.760666666667,FALSE,NA,NA,NA,FALSE,NA,FALSE,FALSE,FALSE,14420.64,FALSE,NA,12997.11,11976.85,NA,FALSE,TRUE,FALSE,TRUE
"149","Set #12 Focal J124 x Non-focal G41","J124","G41","Dolomedes minor","Dolomedes minor","minor x minor",2021-07-28,"1",FALSE,"Na","","Top mesh",FALSE,"T",FALSE,154,NA,0,0,0,0,0,0,0,0,0,FALSE,NA,NA,NA,FALSE,NA,FALSE,FALSE,FALSE,14362.56,TRUE,NA,NA,NA,NA,TRUE,TRUE,FALSE,TRUE
"172","Set #15 Focals J201 x G43","J201","G43","Dolomedes minor","Dolomedes minor","minor x minor",2021-07-28,"4",FALSE,"Na","","Top mesh",FALSE,"T",TRUE,177,1469.427,3,0,4,4,4775.878,1193.9695,7,1638.166,234.023714285714,TRUE,"both",0.149999999999636,0.1200000000008,TRUE,"left",FALSE,FALSE,FALSE,14432.64,FALSE,1494.927,8048.397,7784.382,9561.575,FALSE,TRUE,FALSE,FALSE
"75","Attempt 77 H44 x G38","H44","G38","Dolomedes minor","Dolomedes minor","minor x minor",2021-07-29,"2",FALSE,"Na","","Top mesh",FALSE,"T",TRUE,79,9732.007,0,0,0,1,4728.148,4728.148,6,925.430999999999,154.2385,FALSE,NA,NA,NA,FALSE,NA,FALSE,FALSE,FALSE,14486.4,FALSE,NA,12957.382,11422.067,NA,FALSE,TRUE,TRUE,FALSE
"76","Attempt 78 J121 x J180","J121","J180","Dolomedes minor","Dolomedes minor","minor x minor",2021-07-29,"3",FALSE,"Na","","Top mesh",FALSE,"T",FALSE,80,NA,0,0,0,0,0,0,0,0,0,FALSE,NA,NA,NA,FALSE,NA,FALSE,FALSE,FALSE,14468.64,FALSE,NA,NA,NA,NA,TRUE,TRUE,FALSE,FALSE
"153","Set #13 Focal H62 x Non-focal G33 2","H62","G33","Dolomedes minor","Dolomedes minor","minor x minor",2021-07-29,"1",FALSE,"Na","accidental rerun of previous experiment","Top mesh",FALSE,"T",TRUE,157,3978.612,1,1,2,2,9150.143,4575.0715,3,4339.834,1446.61133333333,FALSE,NA,NA,NA,FALSE,NA,FALSE,FALSE,FALSE,14528.64,FALSE,6195.637,9943.747,4774.785,NA,FALSE,TRUE,FALSE,TRUE
"165","Set #14 Focals G30 x J210","G30","J210","Dolomedes minor","Dolomedes minor","minor x minor",2021-07-29,"4",FALSE,"Na","","Top mesh",FALSE,"T",TRUE,170,882.286,1,0,3,5,9136.788,1827.3576,5,7951.624,1590.3248,TRUE,"left",0.149999999999636,NA,TRUE,"right",FALSE,FALSE,FALSE,14469.6,FALSE,9722.624,4238.254,4061.079,9722.424,FALSE,TRUE,FALSE,FALSE
"171","Set #15 Focal J201 x Non-focal J215","J201","J215","Dolomedes minor","Dolomedes minor","minor x minor",2021-08-01,"1",FALSE,"Na","","Top mesh",FALSE,"T",FALSE,176,NA,0,0,0,0,0,0,0,0,0,FALSE,NA,NA,NA,FALSE,NA,FALSE,FALSE,FALSE,14509.44,FALSE,NA,NA,NA,NA,TRUE,TRUE,FALSE,TRUE
"174","Set #15 Non-focal J141 x Focal G43","J141","G43","Dolomedes minor","Dolomedes minor","minor x minor",2021-08-01,"2",FALSE,"Na","","Top mesh",FALSE,"T",TRUE,179,NA,0,0,1,0,0,0,0,0,0,FALSE,NA,NA,NA,FALSE,NA,FALSE,FALSE,FALSE,14479.68,FALSE,NA,NA,NA,NA,FALSE,TRUE,TRUE,FALSE
"154","Set #13 Focal H62 x Non-focal H38","H62","H38","Dolomedes minor","Dolomedes minor","minor x minor",2021-08-02,"1",FALSE,"Na","","Top mesh",FALSE,"T",FALSE,159,NA,0,0,0,0,0,0,0,0,0,FALSE,NA,NA,NA,FALSE,NA,FALSE,FALSE,FALSE,14514.72,FALSE,NA,NA,NA,NA,TRUE,TRUE,FALSE,TRUE
"158","Set #13 Non-focal H54 x Focal J132","H54","J132","Dolomedes minor","Dolomedes minor","minor x minor",2021-08-02,"4",FALSE,"Na","Male attempted copulation with two broken palps. Leave as ""attempts"" for now","Top mesh",FALSE,"T",TRUE,163,336.694,1,1,12,13,12290.987,945.460538461539,36,3509.204,97.477888888889,FALSE,NA,NA,NA,TRUE,"both",FALSE,FALSE,FALSE,14474.88,FALSE,8664.702,2835.882,1827.564,NA,FALSE,TRUE,TRUE,FALSE
"164","Set #14 Focal G30 x Non-focal H73","G30","H73","Dolomedes minor","Dolomedes minor","minor x minor",2021-08-02,"2",FALSE,"Na","","Top mesh",FALSE,"T",TRUE,169,11093.196,0,0,1,2,3249.88,1624.94,1,859.268,859.268,FALSE,NA,NA,NA,FALSE,NA,FALSE,FALSE,FALSE,14466.24,FALSE,NA,13583.406,13176.381,NA,FALSE,TRUE,FALSE,TRUE
"166","Set #14 Non-focal H47 x Focal J210","H47","J210","Dolomedes minor","Dolomedes minor","minor x minor",2021-08-02,"3",FALSE,"Na","Right palp listed as broken after this trial, but I think that's a mistake. Copulation attempte definitely looks like attempt only","Top mesh",FALSE,"T",TRUE,171,506.386,0,0,3,8,11937.006,1492.12575,8,10601.845,1325.230625,FALSE,NA,NA,NA,TRUE,"right",FALSE,FALSE,FALSE,14464.32,FALSE,NA,3248.321,3134.828,NA,FALSE,TRUE,TRUE,FALSE
"170","Set #15 Focal J201 x Non-focal G37","J201","G37","Dolomedes minor","Dolomedes minor","minor x minor",2021-08-03,"1",FALSE,"Na","","Top mesh",FALSE,"T",FALSE,175,NA,0,0,0,0,0,0,0,0,0,FALSE,NA,NA,NA,FALSE,NA,FALSE,FALSE,FALSE,14488.32,FALSE,NA,NA,NA,NA,TRUE,TRUE,TRUE,TRUE
"173","Set #15 Non-focal J126 x Focal G43","J126","G43","Dolomedes minor","Dolomedes minor","minor x minor",2021-08-03,"2",FALSE,"Na","","Top mesh",FALSE,"T",TRUE,178,9953.48,4,0,6,2,2127.118,1063.559,4,933.630000000001,233.4075,TRUE,"both",0.149999999999636,0.139999999999418,FALSE,NA,FALSE,FALSE,FALSE,14477.28,FALSE,10927.498,10036.77,9963.233,10927.358,FALSE,TRUE,TRUE,FALSE
"155","Set #13 Focal H62 x Non-focal H64","H62","H64","Dolomedes minor","Dolomedes minor","minor x minor",2021-08-04,"1",FALSE,"Na","","Top mesh",FALSE,"T",TRUE,160,155.832,1,0,1,7,11308.343,1615.47757142857,11,5354.96,486.814545454546,TRUE,"left",0.399999999999636,NA,TRUE,"left",FALSE,TRUE,TRUE,14458.08,FALSE,6663.291,3331.024,1878.424,12126.347,FALSE,TRUE,FALSE,TRUE
"160","Set #13 Non-focal J179 x Focal J132","J179","J132","Dolomedes minor","Dolomedes minor","minor x minor",2021-08-04,"2",FALSE,"Na","","Top mesh",FALSE,"T",TRUE,165,3799.937,2,0,2,1,13.5100000000002,13.5100000000002,0,0,0,FALSE,NA,NA,NA,FALSE,NA,FALSE,FALSE,FALSE,14643.84,FALSE,3809.035,NA,NA,NA,FALSE,TRUE,TRUE,FALSE
"163","Set #14 Focal G30 x Non-focal H52","G30","H52","Dolomedes minor","Dolomedes minor","minor x minor",2021-08-04,"3",FALSE,"Na","","Top mesh",FALSE,"T",TRUE,168,5793.838,0,0,0,2,5029.162,2514.581,1,2889.708,2889.708,FALSE,NA,NA,NA,FALSE,NA,FALSE,FALSE,FALSE,14631.84,FALSE,NA,11688.243,10285.356,NA,FALSE,TRUE,FALSE,TRUE
"167","Set #14 Non-focal J113 x Focal J210","J113","J210","Dolomedes minor","Dolomedes minor","minor x minor",2021-08-04,"4",FALSE,"Na","Attempt left despite broken palp","Top mesh",FALSE,"T",TRUE,172,1195.293,4,0,5,10,6667.936,666.7936,13,5006.338,385.102923076923,FALSE,NA,NA,NA,TRUE,"both",FALSE,FALSE,FALSE,14657.76,FALSE,1228.113,4655.836,4083.458,NA,FALSE,TRUE,TRUE,FALSE
"169","Set #15 Focal J201 x Non-focal G32","J201","G32","Dolomedes minor","Dolomedes minor","minor x minor",2021-08-07,"1",FALSE,"Na","","Top mesh",FALSE,"T",TRUE,174,7049.843,1,0,2,4,3137.97,784.4925,0,0,0,FALSE,NA,NA,NA,FALSE,NA,FALSE,FALSE,FALSE,14582.4,FALSE,10843.495,NA,7088.693,NA,FALSE,TRUE,FALSE,TRUE
"175","Set #15 Non-focal J199 x Focal G43","J199","G43","Dolomedes minor","Dolomedes minor","minor x minor",2021-08-07,"2",FALSE,"Na","Attempted both palps, despite breakage","Top mesh",FALSE,"T",TRUE,180,2136.223,5,0,5,13,8334.275,641.098076923077,18,6378.013,354.334055555555,FALSE,NA,NA,NA,TRUE,"both",FALSE,FALSE,FALSE,14551.2,FALSE,2694.446,2276.261,2237.573,NA,FALSE,TRUE,TRUE,FALSE
"156","Set #13 Focal H62 x Non-focal H75","H62","H75","Dolomedes minor","Dolomedes minor","minor x minor",2021-08-08,"1",FALSE,"Na","","Top mesh",FALSE,"T",FALSE,161,NA,0,0,0,0,0,0,0,0,0,FALSE,NA,NA,NA,FALSE,NA,FALSE,FALSE,FALSE,14488.32,FALSE,NA,NA,NA,NA,TRUE,TRUE,FALSE,TRUE
"159","Set #13 Non-focal J116 x Focal J132","J116","J132","Dolomedes minor","Dolomedes minor","minor x minor",2021-08-08,"2",FALSE,"Na","","Top mesh",FALSE,"T",TRUE,164,14058.911,0,0,0,1,351.908000000001,351.908000000001,0,0,0,FALSE,NA,NA,NA,FALSE,NA,FALSE,FALSE,FALSE,14442.24,FALSE,NA,NA,14242.474,NA,FALSE,TRUE,TRUE,FALSE
"162","Set #14 Focal G30 x Non-focal G36","G30","G36","Dolomedes minor","Dolomedes minor","minor x minor",2021-08-08,"3",FALSE,"Na","Attempted copulations, but palps not checked afterwards","Top mesh",FALSE,"T",TRUE,167,1909.634,0,0,0,4,12371.543,3092.88575,12,10747.846,895.653833333333,FALSE,NA,NA,NA,TRUE,"right",FALSE,FALSE,FALSE,14448,FALSE,NA,2627.567,2107.452,NA,FALSE,TRUE,FALSE,TRUE
"168","Set #14 Non-focal J177 x Focal J210","J177","J210","Dolomedes minor","Dolomedes minor","minor x minor",2021-08-08,"4",FALSE,"Na","Requires right palp check","Top mesh",FALSE,"T",TRUE,173,804.723,0,0,0,10,6709.25,670.925,16,4281.049,267.5655625,FALSE,NA,NA,NA,TRUE,"both",TRUE,FALSE,TRUE,13983.84,TRUE,NA,6007.368,1173.923,NA,FALSE,TRUE,TRUE,FALSE
